abs	0	ios18.conv	wrap_in0_0_conv	ANE	CPU,ANE	0.1426
abs	1	ios18.relu	wrap_in0_0_relu	ANE	CPU,ANE	0.0800
abs	2	ios18.conv	wrap_in0_1_conv	ANE	CPU,ANE	0.1426
abs	3	ios18.relu	wrap_in0_1_relu	ANE	CPU,ANE	0.0800
abs	4	ios18.abs	abs_0	ANE	CPU,ANE	0.1096
abs	5	ios18.conv	wrap_out_0_conv	ANE	CPU,ANE	0.1426
abs	6	ios18.relu	wrap_out_0_relu	ANE	CPU,ANE	0.0800
abs	7	ios18.conv	wrap_out_1_conv	ANE	CPU,ANE	0.1426
abs	8	ios18.relu	wrap_out_1_relu	ANE	CPU,ANE	0.0800
acos	0	ios18.conv	wrap_in0_0_conv	CPU	CPU,ANE	0.2411
acos	1	ios18.relu	wrap_in0_0_relu	CPU	CPU,ANE	0.0063
acos	2	ios18.conv	wrap_in0_1_conv	CPU	CPU,ANE	0.2411
acos	3	ios18.relu	wrap_in0_1_relu	CPU	CPU,ANE	0.0063
acos	4	ios18.acos	acos_0	CPU	CPU	0.0104
acos	5	ios18.conv	wrap_out_0_conv	CPU	CPU,ANE	0.2411
acos	6	ios18.relu	wrap_out_0_relu	CPU	CPU,ANE	0.0063
acos	7	ios18.conv	wrap_out_1_conv	CPU	CPU,ANE	0.2411
acos	8	ios18.relu	wrap_out_1_relu	CPU	CPU,ANE	0.0063
add	0	ios18.conv	wrap_in0_0_conv	ANE	CPU,ANE	0.0915
add	1	ios18.relu	wrap_in0_0_relu	ANE	CPU,ANE	0.0513
add	2	ios18.conv	wrap_in0_1_conv	ANE	CPU,ANE	0.0915
add	3	ios18.relu	wrap_in0_1_relu	ANE	CPU,ANE	0.0513
add	4	ios18.conv	wrap_in1_0_conv	ANE	CPU,ANE	0.0915
add	5	ios18.relu	wrap_in1_0_relu	ANE	CPU,ANE	0.0513
add	6	ios18.conv	wrap_in1_1_conv	ANE	CPU,ANE	0.0915
add	7	ios18.relu	wrap_in1_1_relu	ANE	CPU,ANE	0.0513
add	8	ios18.add	add_0	ANE	CPU,ANE	0.1427
add	9	ios18.conv	wrap_out_0_conv	ANE	CPU,ANE	0.0915
add	10	ios18.relu	wrap_out_0_relu	ANE	CPU,ANE	0.0513
add	11	ios18.conv	wrap_out_1_conv	ANE	CPU,ANE	0.0915
add	12	ios18.relu	wrap_out_1_relu	CPU	CPU,ANE	0.0513
add_bc_batch	0	ios18.conv	wrap_in0_0_conv	ANE	CPU,ANE	0.1250
add_bc_batch	1	ios18.relu	wrap_in0_0_relu	ANE	CPU,ANE	0.0701
add_bc_batch	2	ios18.conv	wrap_in0_1_conv	ANE	CPU,ANE	0.1250
add_bc_batch	3	ios18.relu	wrap_in0_1_relu	ANE	CPU,ANE	0.0701
add_bc_batch	4	ios18.conv	wrap_in1_0_conv	ANE	CPU,ANE	0.0313
add_bc_batch	5	ios18.relu	wrap_in1_0_relu	ANE	CPU,ANE	0.0175
add_bc_batch	6	ios18.conv	wrap_in1_1_conv	ANE	CPU,ANE	0.0313
add_bc_batch	7	ios18.relu	wrap_in1_1_relu	ANE	CPU,ANE	0.0175
add_bc_batch	8	ios18.add	add_0	ANE	CPU,ANE	0.1218
add_bc_batch	9	ios18.conv	wrap_out_0_conv	ANE	CPU,ANE	0.1250
add_bc_batch	10	ios18.relu	wrap_out_0_relu	ANE	CPU,ANE	0.0701
add_bc_batch	11	ios18.conv	wrap_out_1_conv	ANE	CPU,ANE	0.1250
add_bc_batch	12	ios18.relu	wrap_out_1_relu	ANE	CPU,ANE	0.0701
add_bc_both	0	ios18.conv	wrap_in0_0_conv	CPU	CPU,ANE	0.0279
add_bc_both	1	ios18.relu	wrap_in0_0_relu	CPU	CPU,ANE	0.0004
add_bc_both	2	ios18.conv	wrap_in0_1_conv	CPU	CPU,ANE	0.0279
add_bc_both	3	ios18.relu	wrap_in0_1_relu	CPU	CPU,ANE	0.0004
add_bc_both	4	ios18.conv	wrap_in1_0_conv	CPU	CPU,ANE	0.0001
add_bc_both	5	ios18.relu	wrap_in1_0_relu	CPU	CPU,ANE	0.0000
add_bc_both	6	ios18.conv	wrap_in1_1_conv	CPU	CPU,ANE	0.0001
add_bc_both	7	ios18.relu	wrap_in1_1_relu	CPU	CPU,ANE	0.0000
add_bc_both	8	ios18.add	add_0	CPU	CPU,ANE	0.0009
add_bc_both	9	ios18.conv	wrap_out_0_conv	CPU	CPU,ANE	0.4591
add_bc_both	10	ios18.relu	wrap_out_0_relu	CPU	CPU,ANE	0.0120
add_bc_both	11	ios18.conv	wrap_out_1_conv	CPU	CPU,ANE	0.4591
add_bc_both	12	ios18.relu	wrap_out_1_relu	CPU	CPU,ANE	0.0120
add_bc_ch	0	ios18.conv	wrap_in0_0_conv	ANE	CPU,ANE	0.1410
add_bc_ch	1	ios18.relu	wrap_in0_0_relu	ANE	CPU,ANE	0.0791
add_bc_ch	2	ios18.conv	wrap_in0_1_conv	ANE	CPU,ANE	0.1410
add_bc_ch	3	ios18.relu	wrap_in0_1_relu	ANE	CPU,ANE	0.0791
add_bc_ch	4	ios18.conv	wrap_in1_0_conv	ANE	CPU,ANE	0.0047
add_bc_ch	5	ios18.relu	wrap_in1_0_relu	ANE	CPU,ANE	0.0001
add_bc_ch	6	ios18.conv	wrap_in1_1_conv	ANE	CPU,ANE	0.0047
add_bc_ch	7	ios18.relu	wrap_in1_1_relu	ANE	CPU,ANE	0.0001
add_bc_ch	8	ios18.add	add_0	ANE	CPU,ANE	0.1100
add_bc_ch	9	ios18.conv	wrap_out_0_conv	ANE	CPU,ANE	0.1410
add_bc_ch	10	ios18.relu	wrap_out_0_relu	ANE	CPU,ANE	0.0791
add_bc_ch	11	ios18.conv	wrap_out_1_conv	ANE	CPU,ANE	0.1410
add_bc_ch	12	ios18.relu	wrap_out_1_relu	ANE	CPU,ANE	0.0791
add_bc_hw	0	ios18.conv	wrap_in0_0_conv	ANE	CPU,ANE	0.1415
add_bc_hw	1	ios18.relu	wrap_in0_0_relu	ANE	CPU,ANE	0.0793
add_bc_hw	2	ios18.conv	wrap_in0_1_conv	ANE	CPU,ANE	0.1415
add_bc_hw	3	ios18.relu	wrap_in0_1_relu	ANE	CPU,ANE	0.0793
add_bc_hw	4	ios18.conv	wrap_in1_0_conv	ANE	CPU,ANE	0.0012
add_bc_hw	5	ios18.relu	wrap_in1_0_relu	ANE	CPU,ANE	0.0012
add_bc_hw	6	ios18.conv	wrap_in1_1_conv	ANE	CPU,ANE	0.0012
add_bc_hw	7	ios18.relu	wrap_in1_1_relu	ANE	CPU,ANE	0.0012
add_bc_hw	8	ios18.add	add_0	ANE	CPU,ANE	0.1120
add_bc_hw	9	ios18.conv	wrap_out_0_conv	ANE	CPU,ANE	0.1415
add_bc_hw	10	ios18.relu	wrap_out_0_relu	ANE	CPU,ANE	0.0793
add_bc_hw	11	ios18.conv	wrap_out_1_conv	ANE	CPU,ANE	0.1415
add_bc_hw	12	ios18.relu	wrap_out_1_relu	CPU	CPU,ANE	0.0793
add_bc_w	0	ios18.conv	wrap_in0_0_conv	ANE	CPU,ANE	0.1424
add_bc_w	1	ios18.relu	wrap_in0_0_relu	ANE	CPU,ANE	0.0798
add_bc_w	2	ios18.conv	wrap_in0_1_conv	ANE	CPU,ANE	0.1424
add_bc_w	3	ios18.relu	wrap_in0_1_relu	ANE	CPU,ANE	0.0798
add_bc_w	4	ios18.conv	wrap_in1_0_conv	ANE	CPU,ANE	0.0000
add_bc_w	5	ios18.relu	wrap_in1_0_relu	ANE	CPU,ANE	0.0000
add_bc_w	6	ios18.conv	wrap_in1_1_conv	ANE	CPU,ANE	0.0000
add_bc_w	7	ios18.relu	wrap_in1_1_relu	ANE	CPU,ANE	0.0000
add_bc_w	8	ios18.add	add_0	ANE	CPU,ANE	0.1110
add_bc_w	9	ios18.conv	wrap_out_0_conv	ANE	CPU,ANE	0.1424
add_bc_w	10	ios18.relu	wrap_out_0_relu	ANE	CPU,ANE	0.0798
add_bc_w	11	ios18.conv	wrap_out_1_conv	ANE	CPU,ANE	0.1424
add_bc_w	12	ios18.relu	wrap_out_1_relu	ANE	CPU,ANE	0.0798
add_f32	0	ios18.cast	x1_to_fp16	CPU	CPU,ANE	0.2032
add_f32	1	ios18.cast	x0_to_fp16	CPU	CPU,ANE	0.2032
add_f32	2	ios18.add	add_0_cast_fp16	CPU	CPU,ANE	0.3903
add_f32	3	ios18.cast	add_0	CPU	CPU,ANE	0.2032
add_i32	0	ios18.add	add_0	CPU	CPU	1.0000
affine	0	ios18.conv	wrap_in0_0_conv	ANE	CPU,ANE	0.1426
affine	1	ios18.relu	wrap_in0_0_relu	ANE	CPU,ANE	0.0800
affine	2	ios18.conv	wrap_in0_1_conv	ANE	CPU,ANE	0.1426
affine	3	ios18.relu	wrap_in0_1_relu	ANE	CPU,ANE	0.0800
affine	4	ios18.affine	affine_0	ANE	CPU,ANE	0.1096
affine	5	ios18.conv	wrap_out_0_conv	ANE	CPU,ANE	0.1426
affine	6	ios18.relu	wrap_out_0_relu	ANE	CPU,ANE	0.0800
affine	7	ios18.conv	wrap_out_1_conv	ANE	CPU,ANE	0.1426
affine	8	ios18.relu	wrap_out_1_relu	ANE	CPU,ANE	0.0800
argmax_flat	0	ios18.reduce_argmax	reduce_argmax_0	CPU	CPU	0.9999
argmax_flat	1	ios18.cast	cast_0	CPU	CPU	0.0001
argsort_w	0	ios18.conv	wrap_in0_0_conv	CPU	CPU,ANE	0.2362
argsort_w	1	ios18.relu	wrap_in0_0_relu	CPU	CPU,ANE	0.0062
argsort_w	2	ios18.conv	wrap_in0_1_conv	CPU	CPU,ANE	0.2362
argsort_w	3	ios18.relu	wrap_in0_1_relu	CPU	CPU,ANE	0.0062
argsort_w	4	argsort	argsort_0	CPU	CPU	0.0153
argsort_w	5	ios18.cast	cast_0	CPU	CPU	0.0153
argsort_w	6	ios18.conv	wrap_out_0_conv	CPU	CPU,ANE	0.2362
argsort_w	7	ios18.relu	wrap_out_0_relu	CPU	CPU,ANE	0.0062
argsort_w	8	ios18.conv	wrap_out_1_conv	CPU	CPU,ANE	0.2362
argsort_w	9	ios18.relu	wrap_out_1_relu	CPU	CPU,ANE	0.0062
asin	0	ios18.conv	wrap_in0_0_conv	CPU	CPU,ANE	0.2411
asin	1	ios18.relu	wrap_in0_0_relu	CPU	CPU,ANE	0.0063
asin	2	ios18.conv	wrap_in0_1_conv	CPU	CPU,ANE	0.2411
asin	3	ios18.relu	wrap_in0_1_relu	CPU	CPU,ANE	0.0063
asin	4	ios18.asin	asin_0	CPU	CPU	0.0104
asin	5	ios18.conv	wrap_out_0_conv	CPU	CPU,ANE	0.2411
asin	6	ios18.relu	wrap_out_0_relu	CPU	CPU,ANE	0.0063
asin	7	ios18.conv	wrap_out_1_conv	CPU	CPU,ANE	0.2411
asin	8	ios18.relu	wrap_out_1_relu	CPU	CPU,ANE	0.0063
atan	0	ios18.conv	wrap_in0_0_conv	ANE	CPU,ANE	0.1426
atan	1	ios18.relu	wrap_in0_0_relu	ANE	CPU,ANE	0.0800
atan	2	ios18.conv	wrap_in0_1_conv	ANE	CPU,ANE	0.1426
atan	3	ios18.relu	wrap_in0_1_relu	ANE	CPU,ANE	0.0800
atan	4	ios18.atan	atan_0	ANE	CPU,ANE	0.1096
atan	5	ios18.conv	wrap_out_0_conv	ANE	CPU,ANE	0.1426
atan	6	ios18.relu	wrap_out_0_relu	ANE	CPU,ANE	0.0800
atan	7	ios18.conv	wrap_out_1_conv	ANE	CPU,ANE	0.1426
atan	8	ios18.relu	wrap_out_1_relu	ANE	CPU,ANE	0.0800
atanh	0	ios18.conv	wrap_in0_0_conv	CPU	CPU,ANE	0.2411
atanh	1	ios18.relu	wrap_in0_0_relu	CPU	CPU,ANE	0.0063
atanh	2	ios18.conv	wrap_in0_1_conv	CPU	CPU,ANE	0.2411
atanh	3	ios18.relu	wrap_in0_1_relu	CPU	CPU,ANE	0.0063
atanh	4	ios18.atanh	atanh_0	CPU	CPU	0.0104
atanh	5	ios18.conv	wrap_out_0_conv	CPU	CPU,ANE	0.2411
atanh	6	ios18.relu	wrap_out_0_relu	CPU	CPU,ANE	0.0063
atanh	7	ios18.conv	wrap_out_1_conv	CPU	CPU,ANE	0.2411
atanh	8	ios18.relu	wrap_out_1_relu	CPU	CPU,ANE	0.0063
avg_pool	0	ios18.conv	wrap_in0_0_conv	CPU	CPU,ANE	0.3857
avg_pool	1	ios18.relu	wrap_in0_0_relu	CPU	CPU,ANE	0.0101
avg_pool	2	ios18.conv	wrap_in0_1_conv	CPU	CPU,ANE	0.3857
avg_pool	3	ios18.relu	wrap_in0_1_relu	CPU	CPU,ANE	0.0101
avg_pool	4	ios18.avg_pool	avg_pool_0	CPU	CPU,ANE	0.0104
avg_pool	5	ios18.conv	wrap_out_0_conv	CPU	CPU,ANE	0.0964
avg_pool	6	ios18.relu	wrap_out_0_relu	CPU	CPU,ANE	0.0025
avg_pool	7	ios18.conv	wrap_out_1_conv	CPU	CPU,ANE	0.0964
avg_pool	8	ios18.relu	wrap_out_1_relu	CPU	CPU,ANE	0.0025
avg_pool3d	0	ios18.avg_pool	avg_pool_0	CPU	CPU,ANE	1.0000
band_part	0	ios18.linear	wrap_in0_0_lin	ANE	CPU,ANE	0.2216
band_part	1	ios18.relu	wrap_in0_0_relu	ANE	CPU,ANE	0.0201
band_part	2	ios18.linear	wrap_in0_1_lin	ANE	CPU,ANE	0.2216
band_part	3	ios18.relu	wrap_in0_1_relu	ANE	CPU,ANE	0.0201
band_part	4	band_part	band_part_0	CPU	CPU	0.0330
band_part	5	ios18.linear	wrap_out_0_lin	ANE	CPU,ANE	0.2216
band_part	6	ios18.relu	wrap_out_0_relu	ANE	CPU,ANE	0.0201
band_part	7	ios18.linear	wrap_out_1_lin	ANE	CPU,ANE	0.2216
band_part	8	ios18.relu	wrap_out_1_relu	ANE	CPU,ANE	0.0201
batch_norm	0	ios18.conv	wrap_in0_0_conv	ANE	CPU,ANE	0.1426
batch_norm	1	ios18.relu	wrap_in0_0_relu	ANE	CPU,ANE	0.0800
batch_norm	2	ios18.conv	wrap_in0_1_conv	ANE	CPU,ANE	0.1426
batch_norm	3	ios18.relu	wrap_in0_1_relu	ANE	CPU,ANE	0.0800
batch_norm	4	ios18.batch_norm	batch_norm_0_cast_fp16	ANE	CPU,ANE	0.1096
batch_norm	5	ios18.conv	wrap_out_0_conv	ANE	CPU,ANE	0.1426
batch_norm	6	ios18.relu	wrap_out_0_relu	ANE	CPU,ANE	0.0800
batch_norm	7	ios18.conv	wrap_out_1_conv	ANE	CPU,ANE	0.1426
batch_norm	8	ios18.relu	wrap_out_1_relu	ANE	CPU,ANE	0.0800
batch_to_space	0	ios18.conv	wrap_in0_0_conv	ANE	CPU,ANE	0.1426
batch_to_space	1	ios18.relu	wrap_in0_0_relu	ANE	CPU,ANE	0.0800
batch_to_space	2	ios18.conv	wrap_in0_1_conv	ANE	CPU,ANE	0.1426
batch_to_space	3	ios18.relu	wrap_in0_1_relu	ANE	CPU,ANE	0.0800
batch_to_space	4	batch_to_space	batch_to_space_0	ANE	CPU,ANE	0.1096
batch_to_space	5	ios18.conv	wrap_out_0_conv	ANE	CPU,ANE	0.1426
batch_to_space	6	ios18.relu	wrap_out_0_relu	ANE	CPU,ANE	0.0800
batch_to_space	7	ios18.conv	wrap_out_1_conv	ANE	CPU,ANE	0.1426
batch_to_space	8	ios18.relu	wrap_out_1_relu	CPU	CPU,ANE	0.0800
cast_f16_f32	0	ios18.conv	wrap_in0_0_conv	CPU	CPU,ANE	0.4724
cast_f16_f32	1	ios18.relu	wrap_in0_0_relu	CPU	CPU,ANE	0.0124
cast_f16_f32	2	ios18.conv	wrap_in0_1_conv	CPU	CPU,ANE	0.4724
cast_f16_f32	3	ios18.relu	wrap_in0_1_relu	CPU	CPU,ANE	0.0124
cast_f16_f32	4	ios18.cast	cast_0	CPU	CPU,ANE	0.0305
cast_f16_i32	0	ios18.conv	wrap_in0_0_conv	CPU	CPU,ANE	0.4724
cast_f16_i32	1	ios18.relu	wrap_in0_0_relu	CPU	CPU,ANE	0.0124
cast_f16_i32	2	ios18.conv	wrap_in0_1_conv	CPU	CPU,ANE	0.4724
cast_f16_i32	3	ios18.relu	wrap_in0_1_relu	CPU	CPU,ANE	0.0124
cast_f16_i32	4	ios18.cast	cast_0	CPU	CPU	0.0305
cast_f16_i8	0	ios18.conv	wrap_in0_0_conv	CPU	CPU,ANE	0.4676
cast_f16_i8	1	ios18.relu	wrap_in0_0_relu	CPU	CPU,ANE	0.0123
cast_f16_i8	2	ios18.conv	wrap_in0_1_conv	CPU	CPU,ANE	0.4676
cast_f16_i8	3	ios18.relu	wrap_in0_1_relu	CPU	CPU,ANE	0.0123
cast_f16_i8	4	ios18.cast	cast_0__pre__output__int32__cast	CPU	CPU,ANE	0.0151
cast_f16_i8	5	ios18.cast	cast_0	CPU	CPU	0.0252
cast_i32_f16	0	ios18.cast	cast_0	CPU	CPU	0.0305
cast_i32_f16	1	ios18.conv	wrap_out_0_conv	CPU	CPU,ANE	0.4724
cast_i32_f16	2	ios18.relu	wrap_out_0_relu	CPU	CPU,ANE	0.0124
cast_i32_f16	3	ios18.conv	wrap_out_1_conv	CPU	CPU,ANE	0.4724
cast_i32_f16	4	ios18.relu	wrap_out_1_relu	CPU	CPU,ANE	0.0124
ceil	0	ios18.conv	wrap_in0_0_conv	ANE	CPU,ANE	0.1426
ceil	1	ios18.relu	wrap_in0_0_relu	ANE	CPU,ANE	0.0800
ceil	2	ios18.conv	wrap_in0_1_conv	ANE	CPU,ANE	0.1426
ceil	3	ios18.relu	wrap_in0_1_relu	ANE	CPU,ANE	0.0800
ceil	4	ios18.ceil	ceil_0	ANE	CPU,ANE	0.1096
ceil	5	ios18.conv	wrap_out_0_conv	ANE	CPU,ANE	0.1426
ceil	6	ios18.relu	wrap_out_0_relu	ANE	CPU,ANE	0.0800
ceil	7	ios18.conv	wrap_out_1_conv	ANE	CPU,ANE	0.1426
ceil	8	ios18.relu	wrap_out_1_relu	ANE	CPU,ANE	0.0800
clip	0	ios18.conv	wrap_in0_0_conv	ANE	CPU,ANE	0.1426
clip	1	ios18.relu	wrap_in0_0_relu	ANE	CPU,ANE	0.0800
clip	2	ios18.conv	wrap_in0_1_conv	ANE	CPU,ANE	0.1426
clip	3	ios18.relu	wrap_in0_1_relu	ANE	CPU,ANE	0.0800
clip	4	ios18.clip	clip_0	ANE	CPU,ANE	0.1096
clip	5	ios18.conv	wrap_out_0_conv	ANE	CPU,ANE	0.1426
clip	6	ios18.relu	wrap_out_0_relu	ANE	CPU,ANE	0.0800
clip	7	ios18.conv	wrap_out_1_conv	ANE	CPU,ANE	0.1426
clip	8	ios18.relu	wrap_out_1_relu	CPU	CPU,ANE	0.0800
concat_c	0	ios18.conv	wrap_in0_0_conv	ANE	CPU,ANE	0.0587
concat_c	1	ios18.relu	wrap_in0_0_relu	ANE	CPU,ANE	0.0329
concat_c	2	ios18.conv	wrap_in0_1_conv	ANE	CPU,ANE	0.0587
concat_c	3	ios18.relu	wrap_in0_1_relu	ANE	CPU,ANE	0.0329
concat_c	4	ios18.conv	wrap_in1_0_conv	ANE	CPU,ANE	0.0587
concat_c	5	ios18.relu	wrap_in1_0_relu	ANE	CPU,ANE	0.0329
concat_c	6	ios18.conv	wrap_in1_1_conv	ANE	CPU,ANE	0.0587
concat_c	7	ios18.relu	wrap_in1_1_relu	ANE	CPU,ANE	0.0329
concat_c	8	ios18.concat	concat_0	ANE	CPU,ANE	0.0329
concat_c	9	ios18.conv	wrap_out_0_conv	ANE	CPU,ANE	0.2346
concat_c	10	ios18.relu	wrap_out_0_relu	ANE	CPU,ANE	0.0658
concat_c	11	ios18.conv	wrap_out_1_conv	ANE	CPU,ANE	0.2346
concat_c	12	ios18.relu	wrap_out_1_relu	ANE	CPU,ANE	0.0658
concat_interleave	0	ios18.conv	wrap_in0_0_conv	ANE	CPU,ANE	0.0587
concat_interleave	1	ios18.relu	wrap_in0_0_relu	ANE	CPU,ANE	0.0329
concat_interleave	2	ios18.conv	wrap_in0_1_conv	ANE	CPU,ANE	0.0587
concat_interleave	3	ios18.relu	wrap_in0_1_relu	ANE	CPU,ANE	0.0329
concat_interleave	4	ios18.conv	wrap_in1_0_conv	ANE	CPU,ANE	0.0587
concat_interleave	5	ios18.relu	wrap_in1_0_relu	ANE	CPU,ANE	0.0329
concat_interleave	6	ios18.conv	wrap_in1_1_conv	ANE	CPU,ANE	0.0587
concat_interleave	7	ios18.relu	wrap_in1_1_relu	ANE	CPU,ANE	0.0329
concat_interleave	8	ios18.concat	concat_0	ANE	CPU,ANE	0.0329
concat_interleave	9	ios18.conv	wrap_out_0_conv	ANE	CPU,ANE	0.2346
concat_interleave	10	ios18.relu	wrap_out_0_relu	ANE	CPU,ANE	0.0658
concat_interleave	11	ios18.conv	wrap_out_1_conv	ANE	CPU,ANE	0.2346
concat_interleave	12	ios18.relu	wrap_out_1_relu	ANE	CPU,ANE	0.0658
concat_n	0	ios18.conv	wrap_in0_0_conv	ANE	CPU,ANE	0.0766
concat_n	1	ios18.relu	wrap_in0_0_relu	ANE	CPU,ANE	0.0430
concat_n	2	ios18.conv	wrap_in0_1_conv	ANE	CPU,ANE	0.0766
concat_n	3	ios18.relu	wrap_in0_1_relu	ANE	CPU,ANE	0.0430
concat_n	4	ios18.conv	wrap_in1_0_conv	ANE	CPU,ANE	0.0766
concat_n	5	ios18.relu	wrap_in1_0_relu	ANE	CPU,ANE	0.0430
concat_n	6	ios18.conv	wrap_in1_1_conv	ANE	CPU,ANE	0.0766
concat_n	7	ios18.relu	wrap_in1_1_relu	ANE	CPU,ANE	0.0430
concat_n	8	ios18.concat	concat_0	ANE	CPU,ANE	0.0430
concat_n	9	ios18.conv	wrap_out_0_conv	ANE	CPU,ANE	0.1533
concat_n	10	ios18.relu	wrap_out_0_relu	ANE	CPU,ANE	0.0860
concat_n	11	ios18.conv	wrap_out_1_conv	ANE	CPU,ANE	0.1533
concat_n	12	ios18.relu	wrap_out_1_relu	CPU	CPU,ANE	0.0860
concat_w	0	ios18.conv	wrap_in0_0_conv	ANE	CPU,ANE	0.0766
concat_w	1	ios18.relu	wrap_in0_0_relu	ANE	CPU,ANE	0.0430
concat_w	2	ios18.conv	wrap_in0_1_conv	ANE	CPU,ANE	0.0766
concat_w	3	ios18.relu	wrap_in0_1_relu	ANE	CPU,ANE	0.0430
concat_w	4	ios18.conv	wrap_in1_0_conv	ANE	CPU,ANE	0.0766
concat_w	5	ios18.relu	wrap_in1_0_relu	ANE	CPU,ANE	0.0430
concat_w	6	ios18.conv	wrap_in1_1_conv	ANE	CPU,ANE	0.0766
concat_w	7	ios18.relu	wrap_in1_1_relu	ANE	CPU,ANE	0.0430
concat_w	8	ios18.concat	concat_0	ANE	CPU,ANE	0.0430
concat_w	9	ios18.conv	wrap_out_0_conv	ANE	CPU,ANE	0.1533
concat_w	10	ios18.relu	wrap_out_0_relu	ANE	CPU,ANE	0.0860
concat_w	11	ios18.conv	wrap_out_1_conv	ANE	CPU,ANE	0.1533
concat_w	12	ios18.relu	wrap_out_1_relu	CPU	CPU,ANE	0.0860
conv1d	0	ios18.linear	wrap_in0_0_lin	ANE	CPU,ANE	0.2235
conv1d	1	ios18.relu	wrap_in0_0_relu	ANE	CPU,ANE	0.0231
conv1d	2	ios18.linear	wrap_in0_1_lin	ANE	CPU,ANE	0.2235
conv1d	3	ios18.relu	wrap_in0_1_relu	ANE	CPU,ANE	0.0231
conv1d	4	ios18.conv	conv_0	ANE	CPU,ANE	0.0137
conv1d	5	ios18.linear	wrap_out_0_lin	ANE	CPU,ANE	0.2235
conv1d	6	ios18.relu	wrap_out_0_relu	ANE	CPU,ANE	0.0231
conv1d	7	ios18.linear	wrap_out_1_lin	ANE	CPU,ANE	0.2235
conv1d	8	ios18.relu	wrap_out_1_relu	ANE	CPU,ANE	0.0231
conv1x1	0	ios18.conv	wrap_in0_0_conv	ANE	CPU,ANE	0.1540
conv1x1	1	ios18.relu	wrap_in0_0_relu	ANE	CPU,ANE	0.0864
conv1x1	2	ios18.conv	wrap_in0_1_conv	ANE	CPU,ANE	0.1540
conv1x1	3	ios18.relu	wrap_in0_1_relu	ANE	CPU,ANE	0.0864
conv1x1	4	ios18.conv	conv_0	ANE	CPU,ANE	0.0386
conv1x1	5	ios18.conv	wrap_out_0_conv	ANE	CPU,ANE	0.1540
conv1x1	6	ios18.relu	wrap_out_0_relu	ANE	CPU,ANE	0.0864
conv1x1	7	ios18.conv	wrap_out_1_conv	ANE	CPU,ANE	0.1540
conv1x1	8	ios18.relu	wrap_out_1_relu	ANE	CPU,ANE	0.0864
conv3d	0	ios18.conv	conv_0	CPU	CPU,ANE	1.0000
conv3x3	0	ios18.conv	wrap_in0_0_conv	ANE	CPU,ANE	0.1381
conv3x3	1	ios18.relu	wrap_in0_0_relu	ANE	CPU,ANE	0.0774
conv3x3	2	ios18.conv	wrap_in0_1_conv	ANE	CPU,ANE	0.1381
conv3x3	3	ios18.relu	wrap_in0_1_relu	ANE	CPU,ANE	0.0774
conv3x3	4	ios18.conv	conv_0	ANE	CPU,ANE	0.1381
conv3x3	5	ios18.conv	wrap_out_0_conv	ANE	CPU,ANE	0.1381
conv3x3	6	ios18.relu	wrap_out_0_relu	ANE	CPU,ANE	0.0774
conv3x3	7	ios18.conv	wrap_out_1_conv	ANE	CPU,ANE	0.1381
conv3x3	8	ios18.relu	wrap_out_1_relu	CPU	CPU,ANE	0.0774
conv3x3_d2	0	ios18.conv	wrap_in0_0_conv	ANE	CPU,ANE	0.1469
conv3x3_d2	1	ios18.relu	wrap_in0_0_relu	ANE	CPU,ANE	0.0824
conv3x3_d2	2	ios18.conv	wrap_in0_1_conv	ANE	CPU,ANE	0.1469
conv3x3_d2	3	ios18.relu	wrap_in0_1_relu	ANE	CPU,ANE	0.0824
conv3x3_d2	4	ios18.conv	conv_0	ANE	CPU,ANE	0.0828
conv3x3_d2	5	ios18.conv	wrap_out_0_conv	ANE	CPU,ANE	0.1469
conv3x3_d2	6	ios18.relu	wrap_out_0_relu	ANE	CPU,ANE	0.0824
conv3x3_d2	7	ios18.conv	wrap_out_1_conv	ANE	CPU,ANE	0.1469
conv3x3_d2	8	ios18.relu	wrap_out_1_relu	ANE	CPU,ANE	0.0824
conv3x3_dw	0	ios18.conv	wrap_in0_0_conv	ANE	CPU,ANE	0.1475
conv3x3_dw	1	ios18.relu	wrap_in0_0_relu	ANE	CPU,ANE	0.0827
conv3x3_dw	2	ios18.conv	wrap_in0_1_conv	ANE	CPU,ANE	0.1475
conv3x3_dw	3	ios18.relu	wrap_in0_1_relu	ANE	CPU,ANE	0.0827
conv3x3_dw	4	ios18.conv	conv_0	ANE	CPU,ANE	0.0790
conv3x3_dw	5	ios18.conv	wrap_out_0_conv	ANE	CPU,ANE	0.1475
conv3x3_dw	6	ios18.relu	wrap_out_0_relu	ANE	CPU,ANE	0.0827
conv3x3_dw	7	ios18.conv	wrap_out_1_conv	ANE	CPU,ANE	0.1475
conv3x3_dw	8	ios18.relu	wrap_out_1_relu	ANE	CPU,ANE	0.0827
conv7x7_s2	0	ios18.conv	wrap_in0_0_conv	ANE	CPU,ANE	0.1900
conv7x7_s2	1	ios18.relu	wrap_in0_0_relu	ANE	CPU,ANE	0.1066
conv7x7_s2	2	ios18.conv	wrap_in0_1_conv	ANE	CPU,ANE	0.1900
conv7x7_s2	3	ios18.relu	wrap_in0_1_relu	ANE	CPU,ANE	0.1066
conv7x7_s2	4	ios18.conv	conv_0	ANE	CPU,ANE	0.2586
conv7x7_s2	5	ios18.conv	wrap_out_0_conv	ANE	CPU,ANE	0.0475
conv7x7_s2	6	ios18.relu	wrap_out_0_relu	ANE	CPU,ANE	0.0266
conv7x7_s2	7	ios18.conv	wrap_out_1_conv	ANE	CPU,ANE	0.0475
conv7x7_s2	8	ios18.relu	wrap_out_1_relu	ANE	CPU,ANE	0.0266
conv_dynw	0	ios18.conv	wrap_in0_0_conv	ANE	CPU,ANE	0.1461
conv_dynw	1	ios18.relu	wrap_in0_0_relu	ANE	CPU,ANE	0.0819
conv_dynw	2	ios18.conv	wrap_in0_1_conv	ANE	CPU,ANE	0.1461
conv_dynw	3	ios18.relu	wrap_in0_1_relu	ANE	CPU,ANE	0.0819
conv_dynw	4	ios18.conv	wrap_in1_0_conv	ANE	CPU,ANE	0.0206
conv_dynw	5	ios18.relu	wrap_in1_0_relu	ANE	CPU,ANE	0.0051
conv_dynw	6	ios18.conv	wrap_in1_1_conv	ANE	CPU,ANE	0.0206
conv_dynw	7	ios18.relu	wrap_in1_1_relu	ANE	CPU,ANE	0.0051
conv_dynw	8	ios18.conv	conv_0	ANE	CPU,ANE	0.0366
conv_dynw	9	ios18.conv	wrap_out_0_conv	ANE	CPU,ANE	0.1461
conv_dynw	10	ios18.relu	wrap_out_0_relu	ANE	CPU,ANE	0.0819
conv_dynw	11	ios18.conv	wrap_out_1_conv	ANE	CPU,ANE	0.1461
conv_dynw	12	ios18.relu	wrap_out_1_relu	ANE	CPU,ANE	0.0819
conv_k17	0	ios18.conv	wrap_in0_0_conv	CPU	CPU,ANE	0.0276
conv_k17	1	ios18.relu	wrap_in0_0_relu	CPU	CPU,ANE	0.0007
conv_k17	2	ios18.conv	wrap_in0_1_conv	CPU	CPU,ANE	0.0276
conv_k17	3	ios18.relu	wrap_in0_1_relu	CPU	CPU,ANE	0.0007
conv_k17	4	ios18.conv	conv_0	CPU	CPU	0.8867
conv_k17	5	ios18.conv	wrap_out_0_conv	CPU	CPU,ANE	0.0276
conv_k17	6	ios18.relu	wrap_out_0_relu	CPU	CPU,ANE	0.0007
conv_k17	7	ios18.conv	wrap_out_1_conv	CPU	CPU,ANE	0.0276
conv_k17	8	ios18.relu	wrap_out_1_relu	CPU	CPU,ANE	0.0007
conv_k1x31	0	ios18.conv	wrap_in0_0_conv	CPU	CPU,ANE	0.1325
conv_k1x31	1	ios18.relu	wrap_in0_0_relu	CPU	CPU,ANE	0.0035
conv_k1x31	2	ios18.conv	wrap_in0_1_conv	CPU	CPU,ANE	0.1325
conv_k1x31	3	ios18.relu	wrap_in0_1_relu	CPU	CPU,ANE	0.0035
conv_k1x31	4	ios18.conv	conv_0	CPU	CPU	0.4563
conv_k1x31	5	ios18.conv	wrap_out_0_conv	CPU	CPU,ANE	0.1325
conv_k1x31	6	ios18.relu	wrap_out_0_relu	CPU	CPU,ANE	0.0035
conv_k1x31	7	ios18.conv	wrap_out_1_conv	CPU	CPU,ANE	0.1325
conv_k1x31	8	ios18.relu	wrap_out_1_relu	CPU	CPU,ANE	0.0035
conv_s5	0	ios18.conv	wrap_in0_0_conv	CPU	CPU,ANE	0.4200
conv_s5	1	ios18.relu	wrap_in0_0_relu	CPU	CPU,ANE	0.0110
conv_s5	2	ios18.conv	wrap_in0_1_conv	CPU	CPU,ANE	0.4200
conv_s5	3	ios18.relu	wrap_in0_1_relu	CPU	CPU,ANE	0.0110
conv_s5	4	ios18.conv	conv_0	CPU	CPU,ANE	0.0797
conv_s5	5	ios18.conv	wrap_out_0_conv	CPU	CPU,ANE	0.0287
conv_s5	6	ios18.relu	wrap_out_0_relu	CPU	CPU,ANE	0.0004
conv_s5	7	ios18.conv	wrap_out_1_conv	CPU	CPU,ANE	0.0287
conv_s5	8	ios18.relu	wrap_out_1_relu	CPU	CPU,ANE	0.0004
conv_transpose	0	ios18.conv	wrap_in0_0_conv	ANE	CPU,ANE	0.0572
conv_transpose	1	ios18.relu	wrap_in0_0_relu	ANE	CPU,ANE	0.0321
conv_transpose	2	ios18.conv	wrap_in0_1_conv	ANE	CPU,ANE	0.0572
conv_transpose	3	ios18.relu	wrap_in0_1_relu	ANE	CPU,ANE	0.0321
conv_transpose	4	ios18.conv_transpose	conv_transpose_0_has_output_shape	ANE	CPU,ANE	0.1079
conv_transpose	5	ios18.conv	wrap_out_0_conv	ANE	CPU,ANE	0.2286
conv_transpose	6	ios18.relu	wrap_out_0_relu	ANE	CPU,ANE	0.1282
conv_transpose	7	ios18.conv	wrap_out_1_conv	ANE	CPU,ANE	0.2286
conv_transpose	8	ios18.relu	wrap_out_1_relu	ANE	CPU,ANE	0.1282
conv_transpose_1d	0	ios18.linear	wrap_in0_0_lin	ANE	CPU,ANE	0.0965
conv_transpose_1d	1	ios18.relu	wrap_in0_0_relu	ANE	CPU,ANE	0.0044
conv_transpose_1d	2	ios18.linear	wrap_in0_1_lin	ANE	CPU,ANE	0.0965
conv_transpose_1d	3	ios18.relu	wrap_in0_1_relu	ANE	CPU,ANE	0.0044
conv_transpose_1d	4	ios18.conv_transpose	conv_transpose_0_has_output_shape	ANE	CPU,ANE	0.0030
conv_transpose_1d	5	ios18.linear	wrap_out_0_lin	ANE	CPU,ANE	0.3889
conv_transpose_1d	6	ios18.relu	wrap_out_0_relu	ANE	CPU,ANE	0.0088
conv_transpose_1d	7	ios18.linear	wrap_out_1_lin	ANE	CPU,ANE	0.3889
conv_transpose_1d	8	ios18.relu	wrap_out_1_relu	ANE	CPU,ANE	0.0088
conv_transpose_3d	0	ios18.conv_transpose	conv_transpose_0	CPU	CPU,ANE	1.0000
conv_transpose_k3s2	0	ios18.conv	wrap_in0_0_conv	ANE	CPU,ANE	0.0504
conv_transpose_k3s2	1	ios18.relu	wrap_in0_0_relu	ANE	CPU,ANE	0.0282
conv_transpose_k3s2	2	ios18.conv	wrap_in0_1_conv	ANE	CPU,ANE	0.0504
conv_transpose_k3s2	3	ios18.relu	wrap_in0_1_relu	ANE	CPU,ANE	0.0282
conv_transpose_k3s2	4	ios18.conv_transpose	conv_transpose_0_has_output_shape	ANE	CPU,ANE	0.2140
conv_transpose_k3s2	5	ios18.conv	wrap_out_0_conv	ANE	CPU,ANE	0.2014
conv_transpose_k3s2	6	ios18.relu	wrap_out_0_relu	ANE	CPU,ANE	0.1130
conv_transpose_k3s2	7	ios18.conv	wrap_out_1_conv	ANE	CPU,ANE	0.2014
conv_transpose_k3s2	8	ios18.relu	wrap_out_1_relu	ANE	CPU,ANE	0.1130
cos	0	ios18.conv	wrap_in0_0_conv	ANE	CPU,ANE	0.1426
cos	1	ios18.relu	wrap_in0_0_relu	ANE	CPU,ANE	0.0800
cos	2	ios18.conv	wrap_in0_1_conv	ANE	CPU,ANE	0.1426
cos	3	ios18.relu	wrap_in0_1_relu	ANE	CPU,ANE	0.0800
cos	4	ios18.cos	cos_0	ANE	CPU,ANE	0.1096
cos	5	ios18.conv	wrap_out_0_conv	ANE	CPU,ANE	0.1426
cos	6	ios18.relu	wrap_out_0_relu	ANE	CPU,ANE	0.0800
cos	7	ios18.conv	wrap_out_1_conv	ANE	CPU,ANE	0.1426
cos	8	ios18.relu	wrap_out_1_relu	ANE	CPU,ANE	0.0800
cosh	0	ios18.conv	wrap_in0_0_conv	CPU	CPU,ANE	0.2411
cosh	1	ios18.relu	wrap_in0_0_relu	CPU	CPU,ANE	0.0063
cosh	2	ios18.conv	wrap_in0_1_conv	CPU	CPU,ANE	0.2411
cosh	3	ios18.relu	wrap_in0_1_relu	CPU	CPU,ANE	0.0063
cosh	4	ios18.cosh	cosh_0	CPU	CPU	0.0104
cosh	5	ios18.conv	wrap_out_0_conv	CPU	CPU,ANE	0.2411
cosh	6	ios18.relu	wrap_out_0_relu	CPU	CPU,ANE	0.0063
cosh	7	ios18.conv	wrap_out_1_conv	CPU	CPU,ANE	0.2411
cosh	8	ios18.relu	wrap_out_1_relu	CPU	CPU,ANE	0.0063
crop_resize	0	ios18.conv	wrap_in0_0_conv	CPU	CPU,ANE	0.3857
crop_resize	1	ios18.relu	wrap_in0_0_relu	CPU	CPU,ANE	0.0101
crop_resize	2	ios18.conv	wrap_in0_1_conv	CPU	CPU,ANE	0.3857
crop_resize	3	ios18.relu	wrap_in0_1_relu	CPU	CPU,ANE	0.0101
crop_resize	4	ios18.crop_resize	crop_resize_0_cast_fp16	CPU	CPU	0.0104
crop_resize	5	ios18.conv	wrap_out_0_conv	CPU	CPU,ANE	0.0964
crop_resize	6	ios18.relu	wrap_out_0_relu	CPU	CPU,ANE	0.0025
crop_resize	7	ios18.conv	wrap_out_1_conv	CPU	CPU,ANE	0.0964
crop_resize	8	ios18.relu	wrap_out_1_relu	CPU	CPU,ANE	0.0025
cumsum_c	0	ios18.conv	wrap_in0_0_conv	CPU	CPU,ANE	0.2411
cumsum_c	1	ios18.relu	wrap_in0_0_relu	CPU	CPU,ANE	0.0063
cumsum_c	2	ios18.conv	wrap_in0_1_conv	CPU	CPU,ANE	0.2411
cumsum_c	3	ios18.relu	wrap_in0_1_relu	CPU	CPU,ANE	0.0063
cumsum_c	4	ios16.cumsum	cumsum_0	CPU	CPU	0.0104
cumsum_c	5	ios18.conv	wrap_out_0_conv	CPU	CPU,ANE	0.2411
cumsum_c	6	ios18.relu	wrap_out_0_relu	CPU	CPU,ANE	0.0063
cumsum_c	7	ios18.conv	wrap_out_1_conv	CPU	CPU,ANE	0.2411
cumsum_c	8	ios18.relu	wrap_out_1_relu	CPU	CPU,ANE	0.0063
cumsum_w	0	ios18.conv	wrap_in0_0_conv	CPU	CPU,ANE	0.2411
cumsum_w	1	ios18.relu	wrap_in0_0_relu	CPU	CPU,ANE	0.0063
cumsum_w	2	ios18.conv	wrap_in0_1_conv	CPU	CPU,ANE	0.2411
cumsum_w	3	ios18.relu	wrap_in0_1_relu	CPU	CPU,ANE	0.0063
cumsum_w	4	ios16.cumsum	cumsum_0	CPU	CPU	0.0104
cumsum_w	5	ios18.conv	wrap_out_0_conv	CPU	CPU,ANE	0.2411
cumsum_w	6	ios18.relu	wrap_out_0_relu	CPU	CPU,ANE	0.0063
cumsum_w	7	ios18.conv	wrap_out_1_conv	CPU	CPU,ANE	0.2411
cumsum_w	8	ios18.relu	wrap_out_1_relu	CPU	CPU,ANE	0.0063
depth_to_space	0	ios18.conv	wrap_in0_0_conv	CPU	CPU,ANE	0.3777
depth_to_space	1	ios18.relu	wrap_in0_0_relu	CPU	CPU,ANE	0.0099
depth_to_space	2	ios18.conv	wrap_in0_1_conv	CPU	CPU,ANE	0.3777
depth_to_space	3	ios18.relu	wrap_in0_1_relu	CPU	CPU,ANE	0.0099
depth_to_space	4	depth_to_space	depth_to_space_0	CPU	CPU,ANE	0.0163
depth_to_space	5	ios18.conv	wrap_out_0_conv	CPU	CPU,ANE	0.0944
depth_to_space	6	ios18.relu	wrap_out_0_relu	CPU	CPU,ANE	0.0099
depth_to_space	7	ios18.conv	wrap_out_1_conv	CPU	CPU,ANE	0.0944
depth_to_space	8	ios18.relu	wrap_out_1_relu	CPU	CPU,ANE	0.0099
elu	0	ios18.conv	wrap_in0_0_conv	ANE	CPU,ANE	0.1426
elu	1	ios18.relu	wrap_in0_0_relu	ANE	CPU,ANE	0.0800
elu	2	ios18.conv	wrap_in0_1_conv	ANE	CPU,ANE	0.1426
elu	3	ios18.relu	wrap_in0_1_relu	ANE	CPU,ANE	0.0800
elu	4	ios18.elu	elu_0	ANE	CPU,ANE	0.1096
elu	5	ios18.conv	wrap_out_0_conv	ANE	CPU,ANE	0.1426
elu	6	ios18.relu	wrap_out_0_relu	ANE	CPU,ANE	0.0800
elu	7	ios18.conv	wrap_out_1_conv	ANE	CPU,ANE	0.1426
elu	8	ios18.relu	wrap_out_1_relu	CPU	CPU,ANE	0.0800
embedding	0	ios18.cast	x0_to_int16	CPU	CPU	0.0000
embedding	1	ios18.cast	cast_0	CPU	CPU	0.0000
embedding	2	ios18.greater_equal	greater_equal_0	CPU	CPU	0.0000
embedding	3	ios18.add	add_0	CPU	CPU	0.0000
embedding	4	select	select_0	CPU	CPU	0.0000
embedding	5	ios18.cast	select_0_to_int16	CPU	CPU	0.0000
embedding	6	ios18.gather	gather_0_cast_uint16_cast_uint16	CPU	CPU	0.9592
embedding	7	ios18.linear	wrap_out_0_lin	ANE	CPU,ANE	0.0195
embedding	8	ios18.relu	wrap_out_0_relu	ANE	CPU,ANE	0.0009
embedding	9	ios18.linear	wrap_out_1_lin	ANE	CPU,ANE	0.0195
embedding	10	ios18.relu	wrap_out_1_relu	ANE	CPU,ANE	0.0009
equal	0	ios18.conv	wrap_in0_0_conv	ANE	CPU,ANE	0.0917
equal	1	ios18.relu	wrap_in0_0_relu	ANE	CPU,ANE	0.0514
equal	2	ios18.conv	wrap_in0_1_conv	ANE	CPU,ANE	0.0917
equal	3	ios18.relu	wrap_in0_1_relu	ANE	CPU,ANE	0.0514
equal	4	ios18.conv	wrap_in1_0_conv	ANE	CPU,ANE	0.0917
equal	5	ios18.relu	wrap_in1_0_relu	ANE	CPU,ANE	0.0514
equal	6	ios18.conv	wrap_in1_1_conv	ANE	CPU,ANE	0.0917
equal	7	ios18.relu	wrap_in1_1_relu	ANE	CPU,ANE	0.0514
equal	8	ios18.equal	equal_0	ANE	CPU,ANE	0.0881
equal	9	ios18.cast	cast_0	ANE	CPU,ANE	0.0528
equal	10	ios18.conv	wrap_out_0_conv	ANE	CPU,ANE	0.0917
equal	11	ios18.relu	wrap_out_0_relu	ANE	CPU,ANE	0.0514
equal	12	ios18.conv	wrap_out_1_conv	ANE	CPU,ANE	0.0917
equal	13	ios18.relu	wrap_out_1_relu	ANE	CPU,ANE	0.0514
erf	0	ios18.conv	wrap_in0_0_conv	ANE	CPU,ANE	0.1426
erf	1	ios18.relu	wrap_in0_0_relu	ANE	CPU,ANE	0.0800
erf	2	ios18.conv	wrap_in0_1_conv	ANE	CPU,ANE	0.1426
erf	3	ios18.relu	wrap_in0_1_relu	ANE	CPU,ANE	0.0800
erf	4	ios18.erf	erf_0	ANE	CPU,ANE	0.1096
erf	5	ios18.conv	wrap_out_0_conv	ANE	CPU,ANE	0.1426
erf	6	ios18.relu	wrap_out_0_relu	ANE	CPU,ANE	0.0800
erf	7	ios18.conv	wrap_out_1_conv	ANE	CPU,ANE	0.1426
erf	8	ios18.relu	wrap_out_1_relu	ANE	CPU,ANE	0.0800
exp	0	ios18.conv	wrap_in0_0_conv	ANE	CPU,ANE	0.1426
exp	1	ios18.relu	wrap_in0_0_relu	ANE	CPU,ANE	0.0800
exp	2	ios18.conv	wrap_in0_1_conv	ANE	CPU,ANE	0.1426
exp	3	ios18.relu	wrap_in0_1_relu	ANE	CPU,ANE	0.0800
exp	4	ios18.exp	exp_0	ANE	CPU,ANE	0.1096
exp	5	ios18.conv	wrap_out_0_conv	ANE	CPU,ANE	0.1426
exp	6	ios18.relu	wrap_out_0_relu	ANE	CPU,ANE	0.0800
exp	7	ios18.conv	wrap_out_1_conv	ANE	CPU,ANE	0.1426
exp	8	ios18.relu	wrap_out_1_relu	ANE	CPU,ANE	0.0800
exp2	0	ios18.conv	wrap_in0_0_conv	ANE	CPU,ANE	0.1426
exp2	1	ios18.relu	wrap_in0_0_relu	ANE	CPU,ANE	0.0800
exp2	2	ios18.conv	wrap_in0_1_conv	ANE	CPU,ANE	0.1426
exp2	3	ios18.relu	wrap_in0_1_relu	ANE	CPU,ANE	0.0800
exp2	4	ios18.exp2	exp2_0	ANE	CPU,ANE	0.1096
exp2	5	ios18.conv	wrap_out_0_conv	ANE	CPU,ANE	0.1426
exp2	6	ios18.relu	wrap_out_0_relu	ANE	CPU,ANE	0.0800
exp2	7	ios18.conv	wrap_out_1_conv	ANE	CPU,ANE	0.1426
exp2	8	ios18.relu	wrap_out_1_relu	ANE	CPU,ANE	0.0800
fill_like	0	ios18.conv	wrap_in0_0_conv	CPU	CPU,ANE	0.4630
fill_like	1	ios18.relu	wrap_in0_0_relu	CPU	CPU,ANE	0.0121
fill_like	2	ios18.conv	wrap_in0_1_conv	CPU	CPU,ANE	0.4630
fill_like	3	ios18.relu	wrap_in0_1_relu	CPU	CPU,ANE	0.0121
fill_like	4	ios16.fill_like	fill_like_0_cast_fp16	CPU	CPU,ANE	0.0199
fill_like	5	ios18.cast	fill_like_0	CPU	CPU,ANE	0.0299
floor	0	ios18.conv	wrap_in0_0_conv	ANE	CPU,ANE	0.1426
floor	1	ios18.relu	wrap_in0_0_relu	ANE	CPU,ANE	0.0800
floor	2	ios18.conv	wrap_in0_1_conv	ANE	CPU,ANE	0.1426
floor	3	ios18.relu	wrap_in0_1_relu	ANE	CPU,ANE	0.0800
floor	4	ios18.floor	floor_0	ANE	CPU,ANE	0.1096
floor	5	ios18.conv	wrap_out_0_conv	ANE	CPU,ANE	0.1426
floor	6	ios18.relu	wrap_out_0_relu	ANE	CPU,ANE	0.0800
floor	7	ios18.conv	wrap_out_1_conv	ANE	CPU,ANE	0.1426
floor	8	ios18.relu	wrap_out_1_relu	ANE	CPU,ANE	0.0800
floor_div	0	ios18.conv	wrap_in0_0_conv	ANE	CPU,ANE	0.0951
floor_div	1	ios18.relu	wrap_in0_0_relu	ANE	CPU,ANE	0.0533
floor_div	2	ios18.conv	wrap_in0_1_conv	ANE	CPU,ANE	0.0951
floor_div	3	ios18.relu	wrap_in0_1_relu	ANE	CPU,ANE	0.0533
floor_div	4	ios18.conv	wrap_in1_0_conv	ANE	CPU,ANE	0.0951
floor_div	5	ios18.relu	wrap_in1_0_relu	ANE	CPU,ANE	0.0533
floor_div	6	ios18.conv	wrap_in1_1_conv	ANE	CPU,ANE	0.0951
floor_div	7	ios18.relu	wrap_in1_1_relu	ANE	CPU,ANE	0.0533
floor_div	8	ios18.floor_div	floor_div_0	ANE	CPU,ANE	0.1096
floor_div	9	ios18.conv	wrap_out_0_conv	ANE	CPU,ANE	0.0951
floor_div	10	ios18.relu	wrap_out_0_relu	ANE	CPU,ANE	0.0533
floor_div	11	ios18.conv	wrap_out_1_conv	ANE	CPU,ANE	0.0951
floor_div	12	ios18.relu	wrap_out_1_relu	CPU	CPU,ANE	0.0533
gather_along_axis	0	ios18.conv	wrap_in0_0_conv	CPU	CPU,ANE	0.2362
gather_along_axis	1	ios18.relu	wrap_in0_0_relu	CPU	CPU,ANE	0.0062
gather_along_axis	2	ios18.conv	wrap_in0_1_conv	CPU	CPU,ANE	0.2362
gather_along_axis	3	ios18.relu	wrap_in0_1_relu	CPU	CPU,ANE	0.0062
gather_along_axis	4	ios18.cast	x1_to_int16	CPU	CPU	0.0153
gather_along_axis	5	ios18.gather_along_axis	gather_along_axis_0_cast_uint16	CPU	CPU,ANE	0.0153
gather_along_axis	6	ios18.conv	wrap_out_0_conv	CPU	CPU,ANE	0.2362
gather_along_axis	7	ios18.relu	wrap_out_0_relu	CPU	CPU,ANE	0.0062
gather_along_axis	8	ios18.conv	wrap_out_1_conv	CPU	CPU,ANE	0.2362
gather_along_axis	9	ios18.relu	wrap_out_1_relu	CPU	CPU,ANE	0.0062
gather_c	0	ios18.conv	wrap_in0_0_conv	CPU	CPU,ANE	0.3794
gather_c	1	ios18.relu	wrap_in0_0_relu	CPU	CPU,ANE	0.0099
gather_c	2	ios18.conv	wrap_in0_1_conv	CPU	CPU,ANE	0.3794
gather_c	3	ios18.relu	wrap_in0_1_relu	CPU	CPU,ANE	0.0099
gather_c	4	ios18.gather	gather_0_cast_uint16	CPU	CPU,ANE	0.0216
gather_c	5	ios18.conv	wrap_out_0_conv	CPU	CPU,ANE	0.0949
gather_c	6	ios18.relu	wrap_out_0_relu	CPU	CPU,ANE	0.0050
gather_c	7	ios18.conv	wrap_out_1_conv	CPU	CPU,ANE	0.0949
gather_c	8	ios18.relu	wrap_out_1_relu	CPU	CPU,ANE	0.0050
gather_dyn	0	ios18.cast	x1_to_int16	CPU	CPU	0.0001
gather_dyn	1	ios18.cast	cast_0	CPU	CPU	0.0001
gather_dyn	2	ios18.greater_equal	greater_equal_0	CPU	CPU	0.0001
gather_dyn	3	ios18.add	add_0	CPU	CPU	0.0001
gather_dyn	4	select	select_0	CPU	CPU	0.0003
gather_dyn	5	ios18.cast	select_0_to_int16	CPU	CPU	0.0001
gather_dyn	6	ios18.gather	gather_0_cast_uint16_cast_uint16	CPU	CPU	0.4239
gather_dyn	7	ios18.linear	wrap_out_0_lin	ANE	CPU,ANE	0.2752
gather_dyn	8	ios18.relu	wrap_out_0_relu	ANE	CPU,ANE	0.0125
gather_dyn	9	ios18.linear	wrap_out_1_lin	ANE	CPU,ANE	0.2752
gather_dyn	10	ios18.relu	wrap_out_1_relu	ANE	CPU,ANE	0.0125
gather_nd	0	ios18.conv	wrap_in0_0_conv	CPU	CPU,ANE	0.3924
gather_nd	1	ios18.relu	wrap_in0_0_relu	CPU	CPU,ANE	0.0103
gather_nd	2	ios18.conv	wrap_in0_1_conv	CPU	CPU,ANE	0.3924
gather_nd	3	ios18.relu	wrap_in0_1_relu	CPU	CPU,ANE	0.0103
gather_nd	4	ios18.cast	x1_to_int16	CPU	CPU	0.0000
gather_nd	5	ios18.cast	cast_0	CPU	CPU	0.0000
gather_nd	6	ios18.greater_equal	greater_equal_0	CPU	CPU	0.0000
gather_nd	7	ios18.add	add_0	CPU	CPU	0.0000
gather_nd	8	select	select_0	CPU	CPU	0.0000
gather_nd	9	ios18.cast	select_0_to_int16	CPU	CPU	0.0000
gather_nd	10	ios18.gather_nd	gather_nd_0_cast_uint16_cast_uint16	CPU	CPU,ANE	0.0095
gather_nd	11	ios18.linear	wrap_out_0_lin	CPU	CPU,ANE	0.0912
gather_nd	12	ios18.relu	wrap_out_0_relu	CPU	CPU,ANE	0.0013
gather_nd	13	ios18.linear	wrap_out_1_lin	CPU	CPU,ANE	0.0912
gather_nd	14	ios18.relu	wrap_out_1_relu	CPU	CPU,ANE	0.0013
gather_w	0	ios18.conv	wrap_in0_0_conv	ANE	CPU,ANE	0.1902
gather_w	1	ios18.relu	wrap_in0_0_relu	ANE	CPU,ANE	0.1066
gather_w	2	ios18.conv	wrap_in0_1_conv	ANE	CPU,ANE	0.1902
gather_w	3	ios18.relu	wrap_in0_1_relu	ANE	CPU,ANE	0.1066
gather_w	4	ios18.gather	gather_0_cast_uint16	ANE	CPU,ANE	0.1096
gather_w	5	ios18.conv	wrap_out_0_conv	ANE	CPU,ANE	0.0951
gather_w	6	ios18.relu	wrap_out_0_relu	ANE	CPU,ANE	0.0533
gather_w	7	ios18.conv	wrap_out_1_conv	ANE	CPU,ANE	0.0951
gather_w	8	ios18.relu	wrap_out_1_relu	ANE	CPU,ANE	0.0533
gelu_exact	0	ios18.conv	wrap_in0_0_conv	ANE	CPU,ANE	0.1426
gelu_exact	1	ios18.relu	wrap_in0_0_relu	ANE	CPU,ANE	0.0800
gelu_exact	2	ios18.conv	wrap_in0_1_conv	ANE	CPU,ANE	0.1426
gelu_exact	3	ios18.relu	wrap_in0_1_relu	ANE	CPU,ANE	0.0800
gelu_exact	4	ios18.gelu	gelu_0	ANE	CPU,ANE	0.1096
gelu_exact	5	ios18.conv	wrap_out_0_conv	ANE	CPU,ANE	0.1426
gelu_exact	6	ios18.relu	wrap_out_0_relu	ANE	CPU,ANE	0.0800
gelu_exact	7	ios18.conv	wrap_out_1_conv	ANE	CPU,ANE	0.1426
gelu_exact	8	ios18.relu	wrap_out_1_relu	ANE	CPU,ANE	0.0800
gelu_sigmoid	0	ios18.conv	wrap_in0_0_conv	ANE	CPU,ANE	0.1426
gelu_sigmoid	1	ios18.relu	wrap_in0_0_relu	ANE	CPU,ANE	0.0800
gelu_sigmoid	2	ios18.conv	wrap_in0_1_conv	ANE	CPU,ANE	0.1426
gelu_sigmoid	3	ios18.relu	wrap_in0_1_relu	ANE	CPU,ANE	0.0800
gelu_sigmoid	4	ios18.gelu	gelu_0	ANE	CPU,ANE	0.1096
gelu_sigmoid	5	ios18.conv	wrap_out_0_conv	ANE	CPU,ANE	0.1426
gelu_sigmoid	6	ios18.relu	wrap_out_0_relu	ANE	CPU,ANE	0.0800
gelu_sigmoid	7	ios18.conv	wrap_out_1_conv	ANE	CPU,ANE	0.1426
gelu_sigmoid	8	ios18.relu	wrap_out_1_relu	ANE	CPU,ANE	0.0800
gelu_tanh	0	ios18.conv	wrap_in0_0_conv	ANE	CPU,ANE	0.1426
gelu_tanh	1	ios18.relu	wrap_in0_0_relu	ANE	CPU,ANE	0.0800
gelu_tanh	2	ios18.conv	wrap_in0_1_conv	ANE	CPU,ANE	0.1426
gelu_tanh	3	ios18.relu	wrap_in0_1_relu	ANE	CPU,ANE	0.0800
gelu_tanh	4	ios18.gelu	gelu_0	ANE	CPU,ANE	0.1096
gelu_tanh	5	ios18.conv	wrap_out_0_conv	ANE	CPU,ANE	0.1426
gelu_tanh	6	ios18.relu	wrap_out_0_relu	ANE	CPU,ANE	0.0800
gelu_tanh	7	ios18.conv	wrap_out_1_conv	ANE	CPU,ANE	0.1426
gelu_tanh	8	ios18.relu	wrap_out_1_relu	ANE	CPU,ANE	0.0800
global_avg	0	ios18.conv	wrap_in0_0_conv	CPU	CPU,ANE	0.4698
global_avg	1	ios18.relu	wrap_in0_0_relu	CPU	CPU,ANE	0.0123
global_avg	2	ios18.conv	wrap_in0_1_conv	CPU	CPU,ANE	0.4698
global_avg	3	ios18.relu	wrap_in0_1_relu	CPU	CPU,ANE	0.0123
global_avg	4	ios16.reduce_mean	reduce_mean_0	CPU	CPU,ANE	0.0101
global_avg	5	ios18.conv	wrap_out_0_conv	CPU	CPU,ANE	0.0128
global_avg	6	ios18.relu	wrap_out_0_relu	CPU	CPU,ANE	0.0000
global_avg	7	ios18.conv	wrap_out_1_conv	CPU	CPU,ANE	0.0128
global_avg	8	ios18.relu	wrap_out_1_relu	CPU	CPU,ANE	0.0000
greater	0	ios18.conv	wrap_in0_0_conv	ANE	CPU,ANE	0.0917
greater	1	ios18.relu	wrap_in0_0_relu	ANE	CPU,ANE	0.0514
greater	2	ios18.conv	wrap_in0_1_conv	ANE	CPU,ANE	0.0917
greater	3	ios18.relu	wrap_in0_1_relu	ANE	CPU,ANE	0.0514
greater	4	ios18.conv	wrap_in1_0_conv	ANE	CPU,ANE	0.0917
greater	5	ios18.relu	wrap_in1_0_relu	ANE	CPU,ANE	0.0514
greater	6	ios18.conv	wrap_in1_1_conv	ANE	CPU,ANE	0.0917
greater	7	ios18.relu	wrap_in1_1_relu	ANE	CPU,ANE	0.0514
greater	8	ios18.greater	greater_0	ANE	CPU,ANE	0.0881
greater	9	ios18.cast	cast_0	ANE	CPU,ANE	0.0528
greater	10	ios18.conv	wrap_out_0_conv	ANE	CPU,ANE	0.0917
greater	11	ios18.relu	wrap_out_0_relu	ANE	CPU,ANE	0.0514
greater	12	ios18.conv	wrap_out_1_conv	ANE	CPU,ANE	0.0917
greater	13	ios18.relu	wrap_out_1_relu	ANE	CPU,ANE	0.0514
greater_equal	0	ios18.conv	wrap_in0_0_conv	ANE	CPU,ANE	0.0917
greater_equal	1	ios18.relu	wrap_in0_0_relu	ANE	CPU,ANE	0.0514
greater_equal	2	ios18.conv	wrap_in0_1_conv	ANE	CPU,ANE	0.0917
greater_equal	3	ios18.relu	wrap_in0_1_relu	ANE	CPU,ANE	0.0514
greater_equal	4	ios18.conv	wrap_in1_0_conv	ANE	CPU,ANE	0.0917
greater_equal	5	ios18.relu	wrap_in1_0_relu	ANE	CPU,ANE	0.0514
greater_equal	6	ios18.conv	wrap_in1_1_conv	ANE	CPU,ANE	0.0917
greater_equal	7	ios18.relu	wrap_in1_1_relu	ANE	CPU,ANE	0.0514
greater_equal	8	ios18.greater_equal	greater_equal_0	ANE	CPU,ANE	0.0881
greater_equal	9	ios18.cast	cast_0	ANE	CPU,ANE	0.0528
greater_equal	10	ios18.conv	wrap_out_0_conv	ANE	CPU,ANE	0.0917
greater_equal	11	ios18.relu	wrap_out_0_relu	ANE	CPU,ANE	0.0514
greater_equal	12	ios18.conv	wrap_out_1_conv	ANE	CPU,ANE	0.0917
greater_equal	13	ios18.relu	wrap_out_1_relu	ANE	CPU,ANE	0.0514
gru	0	ios18.linear	wrap_in0_0_lin	CPU	CPU,ANE	0.0455
gru	1	ios18.relu	wrap_in0_0_relu	CPU	CPU,ANE	0.0010
gru	2	ios18.linear	wrap_in0_1_lin	CPU	CPU,ANE	0.0455
gru	3	ios18.relu	wrap_in0_1_relu	CPU	CPU,ANE	0.0010
gru	4	ios18.gru	gru_0_0	CPU	CPU	0.8139
gru	5	ios18.linear	wrap_out_0_lin	CPU	CPU,ANE	0.0455
gru	6	ios18.relu	wrap_out_0_relu	CPU	CPU,ANE	0.0010
gru	7	ios18.linear	wrap_out_1_lin	CPU	CPU,ANE	0.0455
gru	8	ios18.relu	wrap_out_1_relu	CPU	CPU,ANE	0.0010
hard_sigmoid	0	ios18.conv	wrap_in0_0_conv	ANE	CPU,ANE	0.1426
hard_sigmoid	1	ios18.relu	wrap_in0_0_relu	ANE	CPU,ANE	0.0800
hard_sigmoid	2	ios18.conv	wrap_in0_1_conv	ANE	CPU,ANE	0.1426
hard_sigmoid	3	ios18.relu	wrap_in0_1_relu	ANE	CPU,ANE	0.0800
hard_sigmoid	4	ios18.sigmoid_hard	sigmoid_hard_0	ANE	CPU,ANE	0.1096
hard_sigmoid	5	ios18.conv	wrap_out_0_conv	ANE	CPU,ANE	0.1426
hard_sigmoid	6	ios18.relu	wrap_out_0_relu	ANE	CPU,ANE	0.0800
hard_sigmoid	7	ios18.conv	wrap_out_1_conv	ANE	CPU,ANE	0.1426
hard_sigmoid	8	ios18.relu	wrap_out_1_relu	ANE	CPU,ANE	0.0800
instance_norm	0	ios18.conv	wrap_in0_0_conv	ANE	CPU,ANE	0.1426
instance_norm	1	ios18.relu	wrap_in0_0_relu	ANE	CPU,ANE	0.0800
instance_norm	2	ios18.conv	wrap_in0_1_conv	ANE	CPU,ANE	0.1426
instance_norm	3	ios18.relu	wrap_in0_1_relu	ANE	CPU,ANE	0.0800
instance_norm	4	ios18.instance_norm	instance_norm_0_cast_fp16	ANE	CPU,ANE	0.1096
instance_norm	5	ios18.conv	wrap_out_0_conv	ANE	CPU,ANE	0.1426
instance_norm	6	ios18.relu	wrap_out_0_relu	ANE	CPU,ANE	0.0800
instance_norm	7	ios18.conv	wrap_out_1_conv	ANE	CPU,ANE	0.1426
instance_norm	8	ios18.relu	wrap_out_1_relu	ANE	CPU,ANE	0.0800
inverse	0	ios18.conv	wrap_in0_0_conv	ANE	CPU,ANE	0.1426
inverse	1	ios18.relu	wrap_in0_0_relu	ANE	CPU,ANE	0.0800
inverse	2	ios18.conv	wrap_in0_1_conv	ANE	CPU,ANE	0.1426
inverse	3	ios18.relu	wrap_in0_1_relu	ANE	CPU,ANE	0.0800
inverse	4	ios18.inverse	inverse_0	ANE	CPU,ANE	0.1096
inverse	5	ios18.conv	wrap_out_0_conv	ANE	CPU,ANE	0.1426
inverse	6	ios18.relu	wrap_out_0_relu	ANE	CPU,ANE	0.0800
inverse	7	ios18.conv	wrap_out_1_conv	ANE	CPU,ANE	0.1426
inverse	8	ios18.relu	wrap_out_1_relu	CPU	CPU,ANE	0.0800
l2_norm	0	ios18.conv	wrap_in0_0_conv	ANE	CPU,ANE	0.1426
l2_norm	1	ios18.relu	wrap_in0_0_relu	ANE	CPU,ANE	0.0800
l2_norm	2	ios18.conv	wrap_in0_1_conv	ANE	CPU,ANE	0.1426
l2_norm	3	ios18.relu	wrap_in0_1_relu	ANE	CPU,ANE	0.0800
l2_norm	4	ios18.l2_norm	l2_norm_0_cast_fp16	ANE	CPU,ANE	0.1096
l2_norm	5	ios18.conv	wrap_out_0_conv	ANE	CPU,ANE	0.1426
l2_norm	6	ios18.relu	wrap_out_0_relu	ANE	CPU,ANE	0.0800
l2_norm	7	ios18.conv	wrap_out_1_conv	ANE	CPU,ANE	0.1426
l2_norm	8	ios18.relu	wrap_out_1_relu	CPU	CPU,ANE	0.0800
l2_pool	0	ios18.conv	wrap_in0_0_conv	CPU	CPU,ANE	0.3857
l2_pool	1	ios18.relu	wrap_in0_0_relu	CPU	CPU,ANE	0.0101
l2_pool	2	ios18.conv	wrap_in0_1_conv	CPU	CPU,ANE	0.3857
l2_pool	3	ios18.relu	wrap_in0_1_relu	CPU	CPU,ANE	0.0101
l2_pool	4	ios18.l2_pool	l2_pool_0	CPU	CPU,ANE	0.0104
l2_pool	5	ios18.conv	wrap_out_0_conv	CPU	CPU,ANE	0.0964
l2_pool	6	ios18.relu	wrap_out_0_relu	CPU	CPU,ANE	0.0025
l2_pool	7	ios18.conv	wrap_out_1_conv	CPU	CPU,ANE	0.0964
l2_pool	8	ios18.relu	wrap_out_1_relu	CPU	CPU,ANE	0.0025
layer_norm_c	0	ios18.conv	wrap_in0_0_conv	ANE	CPU,ANE	0.1426
layer_norm_c	1	ios18.relu	wrap_in0_0_relu	ANE	CPU,ANE	0.0800
layer_norm_c	2	ios18.conv	wrap_in0_1_conv	ANE	CPU,ANE	0.1426
layer_norm_c	3	ios18.relu	wrap_in0_1_relu	ANE	CPU,ANE	0.0800
layer_norm_c	4	ios18.layer_norm	layer_norm_0_cast_fp16	ANE	CPU,ANE	0.1096
layer_norm_c	5	ios18.conv	wrap_out_0_conv	ANE	CPU,ANE	0.1426
layer_norm_c	6	ios18.relu	wrap_out_0_relu	ANE	CPU,ANE	0.0800
layer_norm_c	7	ios18.conv	wrap_out_1_conv	ANE	CPU,ANE	0.1426
layer_norm_c	8	ios18.relu	wrap_out_1_relu	ANE	CPU,ANE	0.0800
layer_norm_chw	0	ios18.conv	wrap_in0_0_conv	ANE	CPU,ANE	0.1426
layer_norm_chw	1	ios18.relu	wrap_in0_0_relu	ANE	CPU,ANE	0.0800
layer_norm_chw	2	ios18.conv	wrap_in0_1_conv	ANE	CPU,ANE	0.1426
layer_norm_chw	3	ios18.relu	wrap_in0_1_relu	ANE	CPU,ANE	0.0800
layer_norm_chw	4	ios18.layer_norm	layer_norm_0_cast_fp16	ANE	CPU,ANE	0.1096
layer_norm_chw	5	ios18.conv	wrap_out_0_conv	ANE	CPU,ANE	0.1426
layer_norm_chw	6	ios18.relu	wrap_out_0_relu	ANE	CPU,ANE	0.0800
layer_norm_chw	7	ios18.conv	wrap_out_1_conv	ANE	CPU,ANE	0.1426
layer_norm_chw	8	ios18.relu	wrap_out_1_relu	ANE	CPU,ANE	0.0800
layer_norm_hw	0	ios18.conv	wrap_in0_0_conv	ANE	CPU,ANE	0.1426
layer_norm_hw	1	ios18.relu	wrap_in0_0_relu	ANE	CPU,ANE	0.0800
layer_norm_hw	2	ios18.conv	wrap_in0_1_conv	ANE	CPU,ANE	0.1426
layer_norm_hw	3	ios18.relu	wrap_in0_1_relu	ANE	CPU,ANE	0.0800
layer_norm_hw	4	ios18.layer_norm	layer_norm_1_cast_fp16	ANE	CPU,ANE	0.1096
layer_norm_hw	5	ios18.conv	wrap_out_0_conv	ANE	CPU,ANE	0.1426
layer_norm_hw	6	ios18.relu	wrap_out_0_relu	ANE	CPU,ANE	0.0800
layer_norm_hw	7	ios18.conv	wrap_out_1_conv	ANE	CPU,ANE	0.1426
layer_norm_hw	8	ios18.relu	wrap_out_1_relu	ANE	CPU,ANE	0.0800
leaky_relu	0	ios18.conv	wrap_in0_0_conv	ANE	CPU,ANE	0.1426
leaky_relu	1	ios18.relu	wrap_in0_0_relu	ANE	CPU,ANE	0.0800
leaky_relu	2	ios18.conv	wrap_in0_1_conv	ANE	CPU,ANE	0.1426
leaky_relu	3	ios18.relu	wrap_in0_1_relu	ANE	CPU,ANE	0.0800
leaky_relu	4	ios18.leaky_relu	leaky_relu_0	ANE	CPU,ANE	0.1096
leaky_relu	5	ios18.conv	wrap_out_0_conv	ANE	CPU,ANE	0.1426
leaky_relu	6	ios18.relu	wrap_out_0_relu	ANE	CPU,ANE	0.0800
leaky_relu	7	ios18.conv	wrap_out_1_conv	ANE	CPU,ANE	0.1426
leaky_relu	8	ios18.relu	wrap_out_1_relu	CPU	CPU,ANE	0.0800
less	0	ios18.conv	wrap_in0_0_conv	ANE	CPU,ANE	0.0917
less	1	ios18.relu	wrap_in0_0_relu	ANE	CPU,ANE	0.0514
less	2	ios18.conv	wrap_in0_1_conv	ANE	CPU,ANE	0.0917
less	3	ios18.relu	wrap_in0_1_relu	ANE	CPU,ANE	0.0514
less	4	ios18.conv	wrap_in1_0_conv	ANE	CPU,ANE	0.0917
less	5	ios18.relu	wrap_in1_0_relu	ANE	CPU,ANE	0.0514
less	6	ios18.conv	wrap_in1_1_conv	ANE	CPU,ANE	0.0917
less	7	ios18.relu	wrap_in1_1_relu	ANE	CPU,ANE	0.0514
less	8	ios18.less	less_0	ANE	CPU,ANE	0.0881
less	9	ios18.cast	cast_0	ANE	CPU,ANE	0.0528
less	10	ios18.conv	wrap_out_0_conv	ANE	CPU,ANE	0.0917
less	11	ios18.relu	wrap_out_0_relu	ANE	CPU,ANE	0.0514
less	12	ios18.conv	wrap_out_1_conv	ANE	CPU,ANE	0.0917
less	13	ios18.relu	wrap_out_1_relu	ANE	CPU,ANE	0.0514
less_equal	0	ios18.conv	wrap_in0_0_conv	ANE	CPU,ANE	0.0917
less_equal	1	ios18.relu	wrap_in0_0_relu	ANE	CPU,ANE	0.0514
less_equal	2	ios18.conv	wrap_in0_1_conv	ANE	CPU,ANE	0.0917
less_equal	3	ios18.relu	wrap_in0_1_relu	ANE	CPU,ANE	0.0514
less_equal	4	ios18.conv	wrap_in1_0_conv	ANE	CPU,ANE	0.0917
less_equal	5	ios18.relu	wrap_in1_0_relu	ANE	CPU,ANE	0.0514
less_equal	6	ios18.conv	wrap_in1_1_conv	ANE	CPU,ANE	0.0917
less_equal	7	ios18.relu	wrap_in1_1_relu	ANE	CPU,ANE	0.0514
less_equal	8	ios18.less_equal	less_equal_0	ANE	CPU,ANE	0.0881
less_equal	9	ios18.cast	cast_0	ANE	CPU,ANE	0.0528
less_equal	10	ios18.conv	wrap_out_0_conv	ANE	CPU,ANE	0.0917
less_equal	11	ios18.relu	wrap_out_0_relu	ANE	CPU,ANE	0.0514
less_equal	12	ios18.conv	wrap_out_1_conv	ANE	CPU,ANE	0.0917
less_equal	13	ios18.relu	wrap_out_1_relu	ANE	CPU,ANE	0.0514
linear	0	ios18.linear	wrap_in0_0_lin	ANE	CPU,ANE	0.3068
linear	1	ios18.relu	wrap_in0_0_relu	ANE	CPU,ANE	0.0139
linear	2	ios18.linear	wrap_in0_1_lin	ANE	CPU,ANE	0.3068
linear	3	ios18.relu	wrap_in0_1_relu	ANE	CPU,ANE	0.0139
linear	4	ios18.linear	linear_0	ANE	CPU,ANE	0.0337
linear	5	ios18.linear	wrap_out_0_lin	ANE	CPU,ANE	0.1346
linear	6	ios18.relu	wrap_out_0_relu	ANE	CPU,ANE	0.0278
linear	7	ios18.linear	wrap_out_1_lin	ANE	CPU,ANE	0.1346
linear	8	ios18.relu	wrap_out_1_relu	ANE	CPU,ANE	0.0278
linear_act	0	ios18.conv	wrap_in0_0_conv	ANE	CPU,ANE	0.1426
linear_act	1	ios18.relu	wrap_in0_0_relu	ANE	CPU,ANE	0.0800
linear_act	2	ios18.conv	wrap_in0_1_conv	ANE	CPU,ANE	0.1426
linear_act	3	ios18.relu	wrap_in0_1_relu	ANE	CPU,ANE	0.0800
linear_act	4	ios18.linear_activation	linear_activation_0	ANE	CPU,ANE	0.1096
linear_act	5	ios18.conv	wrap_out_0_conv	ANE	CPU,ANE	0.1426
linear_act	6	ios18.relu	wrap_out_0_relu	ANE	CPU,ANE	0.0800
linear_act	7	ios18.conv	wrap_out_1_conv	ANE	CPU,ANE	0.1426
linear_act	8	ios18.relu	wrap_out_1_relu	ANE	CPU,ANE	0.0800
log	0	ios18.conv	wrap_in0_0_conv	ANE	CPU,ANE	0.1426
log	1	ios18.relu	wrap_in0_0_relu	ANE	CPU,ANE	0.0800
log	2	ios18.conv	wrap_in0_1_conv	ANE	CPU,ANE	0.1426
log	3	ios18.relu	wrap_in0_1_relu	ANE	CPU,ANE	0.0800
log	4	ios18.log	log_0	ANE	CPU,ANE	0.1096
log	5	ios18.conv	wrap_out_0_conv	ANE	CPU,ANE	0.1426
log	6	ios18.relu	wrap_out_0_relu	ANE	CPU,ANE	0.0800
log	7	ios18.conv	wrap_out_1_conv	ANE	CPU,ANE	0.1426
log	8	ios18.relu	wrap_out_1_relu	CPU	CPU,ANE	0.0800
log_softmax	0	ios18.conv	wrap_in0_0_conv	ANE	CPU,ANE	0.1347
log_softmax	1	ios18.relu	wrap_in0_0_relu	ANE	CPU,ANE	0.0755
log_softmax	2	ios18.conv	wrap_in0_1_conv	ANE	CPU,ANE	0.1347
log_softmax	3	ios18.relu	wrap_in0_1_relu	ANE	CPU,ANE	0.0755
log_softmax	4	ios16.reduce_log_sum_exp	reduce_log_sum_exp_0	ANE	CPU,ANE	0.0525
log_softmax	5	ios18.sub	sub_0	ANE	CPU,ANE	0.1066
log_softmax	6	ios18.conv	wrap_out_0_conv	ANE	CPU,ANE	0.1347
log_softmax	7	ios18.relu	wrap_out_0_relu	ANE	CPU,ANE	0.0755
log_softmax	8	ios18.conv	wrap_out_1_conv	ANE	CPU,ANE	0.1347
log_softmax	9	ios18.relu	wrap_out_1_relu	ANE	CPU,ANE	0.0755
logical_and	0	ios18.conv	wrap_in0_0_conv	ANE	CPU,ANE	0.0857
logical_and	1	ios18.relu	wrap_in0_0_relu	ANE	CPU,ANE	0.0481
logical_and	2	ios18.conv	wrap_in0_1_conv	ANE	CPU,ANE	0.0857
logical_and	3	ios18.relu	wrap_in0_1_relu	ANE	CPU,ANE	0.0481
logical_and	4	ios18.conv	wrap_in1_0_conv	ANE	CPU,ANE	0.0857
logical_and	5	ios18.relu	wrap_in1_0_relu	ANE	CPU,ANE	0.0481
logical_and	6	ios18.conv	wrap_in1_1_conv	ANE	CPU,ANE	0.0857
logical_and	7	ios18.relu	wrap_in1_1_relu	ANE	CPU,ANE	0.0481
logical_and	8	ios18.greater	greater_0	ANE	CPU,ANE	0.0494
logical_and	9	ios18.greater	greater_1	ANE	CPU,ANE	0.0494
logical_and	10	ios18.logical_and	logical_and_0	ANE	CPU,ANE	0.0494
logical_and	11	ios18.cast	cast_0	ANE	CPU,ANE	0.0494
logical_and	12	ios18.conv	wrap_out_0_conv	ANE	CPU,ANE	0.0857
logical_and	13	ios18.relu	wrap_out_0_relu	ANE	CPU,ANE	0.0481
logical_and	14	ios18.conv	wrap_out_1_conv	ANE	CPU,ANE	0.0857
logical_and	15	ios18.relu	wrap_out_1_relu	ANE	CPU,ANE	0.0481
lrn	0	ios18.conv	wrap_in0_0_conv	ANE	CPU,ANE	0.1426
lrn	1	ios18.relu	wrap_in0_0_relu	ANE	CPU,ANE	0.0800
lrn	2	ios18.conv	wrap_in0_1_conv	ANE	CPU,ANE	0.1426
lrn	3	ios18.relu	wrap_in0_1_relu	ANE	CPU,ANE	0.0800
lrn	4	ios18.local_response_norm	local_response_norm_0_cast_fp16	ANE	CPU,ANE	0.1096
lrn	5	ios18.conv	wrap_out_0_conv	ANE	CPU,ANE	0.1426
lrn	6	ios18.relu	wrap_out_0_relu	ANE	CPU,ANE	0.0800
lrn	7	ios18.conv	wrap_out_1_conv	ANE	CPU,ANE	0.1426
lrn	8	ios18.relu	wrap_out_1_relu	CPU	CPU,ANE	0.0800
lstm	0	ios18.linear	wrap_in0_0_lin	CPU	CPU,ANE	0.0000
lstm	1	ios18.relu	wrap_in0_0_relu	CPU	CPU,ANE	0.0000
lstm	2	ios18.linear	wrap_in0_1_lin	CPU	CPU,ANE	0.0000
lstm	3	ios18.relu	wrap_in0_1_relu	CPU	CPU,ANE	0.0000
lstm	4	ios18.lstm	lstm_0_0	CPU	CPU	1.0000
lstm	5	ios18.linear	wrap_out_0_lin	CPU	CPU,ANE	0.0000
lstm	6	ios18.relu	wrap_out_0_relu	CPU	CPU,ANE	0.0000
lstm	7	ios18.linear	wrap_out_1_lin	CPU	CPU,ANE	0.0000
lstm	8	ios18.relu	wrap_out_1_relu	CPU	CPU,ANE	0.0000
matmul_batched4d	0	ios18.conv	wrap_in0_0_conv	CPU	CPU,ANE	0.1023
matmul_batched4d	1	ios18.relu	wrap_in0_0_relu	CPU	CPU,ANE	0.0110
matmul_batched4d	2	ios18.conv	wrap_in0_1_conv	CPU	CPU,ANE	0.1023
matmul_batched4d	3	ios18.relu	wrap_in0_1_relu	CPU	CPU,ANE	0.0110
matmul_batched4d	4	ios18.conv	wrap_in1_0_conv	CPU	CPU,ANE	0.1023
matmul_batched4d	5	ios18.relu	wrap_in1_0_relu	CPU	CPU,ANE	0.0110
matmul_batched4d	6	ios18.conv	wrap_in1_1_conv	CPU	CPU,ANE	0.1023
matmul_batched4d	7	ios18.relu	wrap_in1_1_relu	CPU	CPU,ANE	0.0110
matmul_batched4d	8	ios18.matmul	matmul_0	CPU	CPU,ANE	0.0935
matmul_batched4d	9	ios18.conv	wrap_out_0_conv	CPU	CPU,ANE	0.2046
matmul_batched4d	10	ios18.relu	wrap_out_0_relu	CPU	CPU,ANE	0.0221
matmul_batched4d	11	ios18.conv	wrap_out_1_conv	CPU	CPU,ANE	0.2046
matmul_batched4d	12	ios18.relu	wrap_out_1_relu	CPU	CPU,ANE	0.0221
matmul_bc	0	ios18.conv	wrap_in0_0_conv	CPU	CPU,ANE	0.1244
matmul_bc	1	ios18.relu	wrap_in0_0_relu	CPU	CPU,ANE	0.0134
matmul_bc	2	ios18.conv	wrap_in0_1_conv	CPU	CPU,ANE	0.1244
matmul_bc	3	ios18.relu	wrap_in0_1_relu	CPU	CPU,ANE	0.0134
matmul_bc	4	ios18.conv	wrap_in1_0_conv	CPU	CPU,ANE	0.0279
matmul_bc	5	ios18.relu	wrap_in1_0_relu	CPU	CPU,ANE	0.0017
matmul_bc	6	ios18.conv	wrap_in1_1_conv	CPU	CPU,ANE	0.0279
matmul_bc	7	ios18.relu	wrap_in1_1_relu	CPU	CPU,ANE	0.0017
matmul_bc	8	ios18.matmul	matmul_0	CPU	CPU,ANE	0.1138
matmul_bc	9	ios18.conv	wrap_out_0_conv	CPU	CPU,ANE	0.2489
matmul_bc	10	ios18.relu	wrap_out_0_relu	CPU	CPU,ANE	0.0268
matmul_bc	11	ios18.conv	wrap_out_1_conv	CPU	CPU,ANE	0.2489
matmul_bc	12	ios18.relu	wrap_out_1_relu	CPU	CPU,ANE	0.0268
matmul_const	0	ios18.linear	wrap_in0_0_lin	ANE	CPU,ANE	0.2970
matmul_const	1	ios18.relu	wrap_in0_0_relu	ANE	CPU,ANE	0.0135
matmul_const	2	ios18.linear	wrap_in0_1_lin	ANE	CPU,ANE	0.2970
matmul_const	3	ios18.relu	wrap_in0_1_relu	ANE	CPU,ANE	0.0135
matmul_const	4	ios18.matmul	matmul_0	ANE	CPU,ANE	0.0646
matmul_const	5	ios18.linear	wrap_out_0_lin	ANE	CPU,ANE	0.1303
matmul_const	6	ios18.relu	wrap_out_0_relu	ANE	CPU,ANE	0.0269
matmul_const	7	ios18.linear	wrap_out_1_lin	ANE	CPU,ANE	0.1303
matmul_const	8	ios18.relu	wrap_out_1_relu	CPU	CPU,ANE	0.0269
matmul_dyn	0	ios18.linear	wrap_in0_0_lin	ANE	CPU,ANE	0.2629
matmul_dyn	1	ios18.relu	wrap_in0_0_relu	ANE	CPU,ANE	0.0119
matmul_dyn	2	ios18.linear	wrap_in0_1_lin	ANE	CPU,ANE	0.2629
matmul_dyn	3	ios18.relu	wrap_in0_1_relu	ANE	CPU,ANE	0.0119
matmul_dyn	4	ios18.linear	wrap_in1_0_lin	ANE	CPU,ANE	0.1314
matmul_dyn	5	ios18.relu	wrap_in1_0_relu	ANE	CPU,ANE	0.0119
matmul_dyn	6	ios18.linear	wrap_in1_1_lin	ANE	CPU,ANE	0.1314
matmul_dyn	7	ios18.relu	wrap_in1_1_relu	ANE	CPU,ANE	0.0119
matmul_dyn	8	ios18.matmul	matmul_0	ANE	CPU,ANE	0.0204
matmul_dyn	9	ios18.linear	wrap_out_0_lin	ANE	CPU,ANE	0.0657
matmul_dyn	10	ios18.relu	wrap_out_0_relu	ANE	CPU,ANE	0.0060
matmul_dyn	11	ios18.linear	wrap_out_1_lin	ANE	CPU,ANE	0.0657
matmul_dyn	12	ios18.relu	wrap_out_1_relu	ANE	CPU,ANE	0.0060
matmul_dyn_tr	0	ios18.linear	wrap_in0_0_lin	ANE	CPU,ANE	0.2081
matmul_dyn_tr	1	ios18.relu	wrap_in0_0_relu	ANE	CPU,ANE	0.0094
matmul_dyn_tr	2	ios18.linear	wrap_in0_1_lin	ANE	CPU,ANE	0.2081
matmul_dyn_tr	3	ios18.relu	wrap_in0_1_relu	ANE	CPU,ANE	0.0094
matmul_dyn_tr	4	ios18.linear	wrap_in1_0_lin	ANE	CPU,ANE	0.2081
matmul_dyn_tr	5	ios18.relu	wrap_in1_0_relu	ANE	CPU,ANE	0.0094
matmul_dyn_tr	6	ios18.linear	wrap_in1_1_lin	ANE	CPU,ANE	0.2081
matmul_dyn_tr	7	ios18.relu	wrap_in1_1_relu	ANE	CPU,ANE	0.0094
matmul_dyn_tr	8	ios18.matmul	matmul_0	ANE	CPU,ANE	0.0162
matmul_dyn_tr	9	ios18.linear	wrap_out_0_lin	ANE	CPU,ANE	0.0520
matmul_dyn_tr	10	ios18.relu	wrap_out_0_relu	ANE	CPU,ANE	0.0047
matmul_dyn_tr	11	ios18.linear	wrap_out_1_lin	ANE	CPU,ANE	0.0520
matmul_dyn_tr	12	ios18.relu	wrap_out_1_relu	ANE	CPU,ANE	0.0047
matmul_f32	0	ios18.cast	x1_to_fp16	CPU	CPU,ANE	0.1683
matmul_f32	1	ios18.cast	x0_to_fp16	CPU	CPU,ANE	0.1683
matmul_f32	2	ios18.matmul	matmul_0_cast_fp16	CPU	CPU,ANE	0.5792
matmul_f32	3	ios18.cast	matmul_0	CPU	CPU,ANE	0.0842
matmul_i32	0	ios18.matmul	matmul_0	CPU	CPU	1.0000
max_pool	0	ios18.conv	wrap_in0_0_conv	ANE	CPU,ANE	0.1426
max_pool	1	ios18.relu	wrap_in0_0_relu	ANE	CPU,ANE	0.0800
max_pool	2	ios18.conv	wrap_in0_1_conv	ANE	CPU,ANE	0.1426
max_pool	3	ios18.relu	wrap_in0_1_relu	ANE	CPU,ANE	0.0800
max_pool	4	ios18.max_pool	max_pool_0	ANE	CPU,ANE	0.1096
max_pool	5	ios18.conv	wrap_out_0_conv	ANE	CPU,ANE	0.1426
max_pool	6	ios18.relu	wrap_out_0_relu	ANE	CPU,ANE	0.0800
max_pool	7	ios18.conv	wrap_out_1_conv	ANE	CPU,ANE	0.1426
max_pool	8	ios18.relu	wrap_out_1_relu	CPU	CPU,ANE	0.0800
max_pool_k15	0	ios18.conv	wrap_in0_0_conv	CPU	CPU,ANE	0.2326
max_pool_k15	1	ios18.relu	wrap_in0_0_relu	CPU	CPU,ANE	0.0061
max_pool_k15	2	ios18.conv	wrap_in0_1_conv	CPU	CPU,ANE	0.2326
max_pool_k15	3	ios18.relu	wrap_in0_1_relu	CPU	CPU,ANE	0.0061
max_pool_k15	4	ios18.max_pool	max_pool_0	CPU	CPU	0.0454
max_pool_k15	5	ios18.conv	wrap_out_0_conv	CPU	CPU,ANE	0.2326
max_pool_k15	6	ios18.relu	wrap_out_0_relu	CPU	CPU,ANE	0.0061
max_pool_k15	7	ios18.conv	wrap_out_1_conv	CPU	CPU,ANE	0.2326
max_pool_k15	8	ios18.relu	wrap_out_1_relu	CPU	CPU,ANE	0.0061
maximum	0	ios18.conv	wrap_in0_0_conv	ANE	CPU,ANE	0.0951
maximum	1	ios18.relu	wrap_in0_0_relu	ANE	CPU,ANE	0.0533
maximum	2	ios18.conv	wrap_in0_1_conv	ANE	CPU,ANE	0.0951
maximum	3	ios18.relu	wrap_in0_1_relu	ANE	CPU,ANE	0.0533
maximum	4	ios18.conv	wrap_in1_0_conv	ANE	CPU,ANE	0.0951
maximum	5	ios18.relu	wrap_in1_0_relu	ANE	CPU,ANE	0.0533
maximum	6	ios18.conv	wrap_in1_1_conv	ANE	CPU,ANE	0.0951
maximum	7	ios18.relu	wrap_in1_1_relu	ANE	CPU,ANE	0.0533
maximum	8	ios18.maximum	maximum_0	ANE	CPU,ANE	0.1096
maximum	9	ios18.conv	wrap_out_0_conv	ANE	CPU,ANE	0.0951
maximum	10	ios18.relu	wrap_out_0_relu	ANE	CPU,ANE	0.0533
maximum	11	ios18.conv	wrap_out_1_conv	ANE	CPU,ANE	0.0951
maximum	12	ios18.relu	wrap_out_1_relu	CPU	CPU,ANE	0.0533
minimum	0	ios18.conv	wrap_in0_0_conv	ANE	CPU,ANE	0.0951
minimum	1	ios18.relu	wrap_in0_0_relu	ANE	CPU,ANE	0.0533
minimum	2	ios18.conv	wrap_in0_1_conv	ANE	CPU,ANE	0.0951
minimum	3	ios18.relu	wrap_in0_1_relu	ANE	CPU,ANE	0.0533
minimum	4	ios18.conv	wrap_in1_0_conv	ANE	CPU,ANE	0.0951
minimum	5	ios18.relu	wrap_in1_0_relu	ANE	CPU,ANE	0.0533
minimum	6	ios18.conv	wrap_in1_1_conv	ANE	CPU,ANE	0.0951
minimum	7	ios18.relu	wrap_in1_1_relu	ANE	CPU,ANE	0.0533
minimum	8	ios18.minimum	minimum_0	ANE	CPU,ANE	0.1096
minimum	9	ios18.conv	wrap_out_0_conv	ANE	CPU,ANE	0.0951
minimum	10	ios18.relu	wrap_out_0_relu	ANE	CPU,ANE	0.0533
minimum	11	ios18.conv	wrap_out_1_conv	ANE	CPU,ANE	0.0951
minimum	12	ios18.relu	wrap_out_1_relu	CPU	CPU,ANE	0.0533
mod	0	ios18.conv	wrap_in0_0_conv	ANE	CPU,ANE	0.0194
mod	1	ios18.relu	wrap_in0_0_relu	ANE	CPU,ANE	0.0109
mod	2	ios18.conv	wrap_in0_1_conv	ANE	CPU,ANE	0.0194
mod	3	ios18.relu	wrap_in0_1_relu	ANE	CPU,ANE	0.0109
mod	4	ios18.conv	wrap_in1_0_conv	ANE	CPU,ANE	0.0194
mod	5	ios18.relu	wrap_in1_0_relu	ANE	CPU,ANE	0.0109
mod	6	ios18.conv	wrap_in1_1_conv	ANE	CPU,ANE	0.0194
mod	7	ios18.relu	wrap_in1_1_relu	CPU	CPU,ANE	0.0109
mod	8	ios18.mod	mod_0	CPU	CPU	0.0268
mod	9	ios18.conv	wrap_out_0_conv	CPU	CPU,ANE	0.4152
mod	10	ios18.relu	wrap_out_0_relu	CPU	CPU,ANE	0.0109
mod	11	ios18.conv	wrap_out_1_conv	CPU	CPU,ANE	0.4152
mod	12	ios18.relu	wrap_out_1_relu	CPU	CPU,ANE	0.0109
mul	0	ios18.conv	wrap_in0_0_conv	ANE	CPU,ANE	0.0937
mul	1	ios18.relu	wrap_in0_0_relu	ANE	CPU,ANE	0.0526
mul	2	ios18.conv	wrap_in0_1_conv	ANE	CPU,ANE	0.0937
mul	3	ios18.relu	wrap_in0_1_relu	ANE	CPU,ANE	0.0526
mul	4	ios18.conv	wrap_in1_0_conv	ANE	CPU,ANE	0.0937
mul	5	ios18.relu	wrap_in1_0_relu	ANE	CPU,ANE	0.0526
mul	6	ios18.conv	wrap_in1_1_conv	ANE	CPU,ANE	0.0937
mul	7	ios18.relu	wrap_in1_1_relu	ANE	CPU,ANE	0.0526
mul	8	ios18.mul	mul_0	ANE	CPU,ANE	0.1222
mul	9	ios18.conv	wrap_out_0_conv	ANE	CPU,ANE	0.0937
mul	10	ios18.relu	wrap_out_0_relu	ANE	CPU,ANE	0.0526
mul	11	ios18.conv	wrap_out_1_conv	ANE	CPU,ANE	0.0937
mul	12	ios18.relu	wrap_out_1_relu	ANE	CPU,ANE	0.0526
mul_i32	0	ios18.mul	mul_0	CPU	CPU	1.0000
nms	-	ERROR	-	-	-	Error Domain=com.apple.mlassetio Code=1 "Failed to parse the model specification. Error: Unable to parse ML Program: in operation non_maximum_suppression_0: Param 'boxes' has incorrect type for operat
nonzero	0	non_zero	non_zero_0	CPU	CPU	0.9774
nonzero	1	ios18.cast	cast_0	CPU	CPU	0.0226
not_equal	0	ios18.conv	wrap_in0_0_conv	ANE	CPU,ANE	0.0917
not_equal	1	ios18.relu	wrap_in0_0_relu	ANE	CPU,ANE	0.0514
not_equal	2	ios18.conv	wrap_in0_1_conv	ANE	CPU,ANE	0.0917
not_equal	3	ios18.relu	wrap_in0_1_relu	ANE	CPU,ANE	0.0514
not_equal	4	ios18.conv	wrap_in1_0_conv	ANE	CPU,ANE	0.0917
not_equal	5	ios18.relu	wrap_in1_0_relu	ANE	CPU,ANE	0.0514
not_equal	6	ios18.conv	wrap_in1_1_conv	ANE	CPU,ANE	0.0917
not_equal	7	ios18.relu	wrap_in1_1_relu	ANE	CPU,ANE	0.0514
not_equal	8	ios18.not_equal	not_equal_0	ANE	CPU,ANE	0.0881
not_equal	9	ios18.cast	cast_0	ANE	CPU,ANE	0.0528
not_equal	10	ios18.conv	wrap_out_0_conv	ANE	CPU,ANE	0.0917
not_equal	11	ios18.relu	wrap_out_0_relu	ANE	CPU,ANE	0.0514
not_equal	12	ios18.conv	wrap_out_1_conv	ANE	CPU,ANE	0.0917
not_equal	13	ios18.relu	wrap_out_1_relu	ANE	CPU,ANE	0.0514
one_hot	0	one_hot	one_hot_0	CPU	CPU	1.0000
pad_c	0	ios18.conv	wrap_in0_0_conv	ANE	CPU,ANE	0.1294
pad_c	1	ios18.relu	wrap_in0_0_relu	ANE	CPU,ANE	0.0725
pad_c	2	ios18.conv	wrap_in0_1_conv	ANE	CPU,ANE	0.1294
pad_c	3	ios18.relu	wrap_in0_1_relu	ANE	CPU,ANE	0.0725
pad_c	4	pad	pad_0_cast_fp16	ANE	CPU,ANE	0.1056
pad_c	5	ios18.conv	wrap_out_0_conv	ANE	CPU,ANE	0.1637
pad_c	6	ios18.relu	wrap_out_0_relu	ANE	CPU,ANE	0.0816
pad_c	7	ios18.conv	wrap_out_1_conv	ANE	CPU,ANE	0.1637
pad_c	8	ios18.relu	wrap_out_1_relu	ANE	CPU,ANE	0.0816
pad_const	0	ios18.conv	wrap_in0_0_conv	ANE	CPU,ANE	0.1340
pad_const	1	ios18.relu	wrap_in0_0_relu	ANE	CPU,ANE	0.0751
pad_const	2	ios18.conv	wrap_in0_1_conv	ANE	CPU,ANE	0.1340
pad_const	3	ios18.relu	wrap_in0_1_relu	ANE	CPU,ANE	0.0751
pad_const	4	pad	pad_0	ANE	CPU,ANE	0.1096
pad_const	5	ios18.conv	wrap_out_0_conv	ANE	CPU,ANE	0.1513
pad_const	6	ios18.relu	wrap_out_0_relu	ANE	CPU,ANE	0.0848
pad_const	7	ios18.conv	wrap_out_1_conv	ANE	CPU,ANE	0.1513
pad_const	8	ios18.relu	wrap_out_1_relu	ANE	CPU,ANE	0.0848
pad_reflect	0	ios18.conv	wrap_in0_0_conv	ANE	CPU,ANE	0.1259
pad_reflect	1	ios18.relu	wrap_in0_0_relu	ANE	CPU,ANE	0.0706
pad_reflect	2	ios18.conv	wrap_in0_1_conv	ANE	CPU,ANE	0.1259
pad_reflect	3	ios18.relu	wrap_in0_1_relu	ANE	CPU,ANE	0.0706
pad_reflect	4	pad	pad_0_cast_fp16	ANE	CPU,ANE	0.1096
pad_reflect	5	ios18.conv	wrap_out_0_conv	ANE	CPU,ANE	0.1593
pad_reflect	6	ios18.relu	wrap_out_0_relu	ANE	CPU,ANE	0.0894
pad_reflect	7	ios18.conv	wrap_out_1_conv	ANE	CPU,ANE	0.1593
pad_reflect	8	ios18.relu	wrap_out_1_relu	ANE	CPU,ANE	0.0894
pad_replicate	0	ios18.conv	wrap_in0_0_conv	ANE	CPU,ANE	0.1259
pad_replicate	1	ios18.relu	wrap_in0_0_relu	ANE	CPU,ANE	0.0706
pad_replicate	2	ios18.conv	wrap_in0_1_conv	ANE	CPU,ANE	0.1259
pad_replicate	3	ios18.relu	wrap_in0_1_relu	ANE	CPU,ANE	0.0706
pad_replicate	4	pad	pad_0_cast_fp16	ANE	CPU,ANE	0.1096
pad_replicate	5	ios18.conv	wrap_out_0_conv	ANE	CPU,ANE	0.1593
pad_replicate	6	ios18.relu	wrap_out_0_relu	ANE	CPU,ANE	0.0894
pad_replicate	7	ios18.conv	wrap_out_1_conv	ANE	CPU,ANE	0.1593
pad_replicate	8	ios18.relu	wrap_out_1_relu	ANE	CPU,ANE	0.0894
pixel_shuffle	0	ios18.conv	wrap_in0_0_conv	CPU	CPU,ANE	0.3777
pixel_shuffle	1	ios18.relu	wrap_in0_0_relu	CPU	CPU,ANE	0.0099
pixel_shuffle	2	ios18.conv	wrap_in0_1_conv	CPU	CPU,ANE	0.3777
pixel_shuffle	3	ios18.relu	wrap_in0_1_relu	CPU	CPU,ANE	0.0099
pixel_shuffle	4	pixel_shuffle	pixel_shuffle_0	CPU	CPU,ANE	0.0163
pixel_shuffle	5	ios18.conv	wrap_out_0_conv	CPU	CPU,ANE	0.0944
pixel_shuffle	6	ios18.relu	wrap_out_0_relu	CPU	CPU,ANE	0.0099
pixel_shuffle	7	ios18.conv	wrap_out_1_conv	CPU	CPU,ANE	0.0944
pixel_shuffle	8	ios18.relu	wrap_out_1_relu	CPU	CPU,ANE	0.0099
pixel_unshuffle	0	ios18.conv	wrap_in0_0_conv	ANE	CPU,ANE	0.0769
pixel_unshuffle	1	ios18.relu	wrap_in0_0_relu	ANE	CPU,ANE	0.0431
pixel_unshuffle	2	ios18.conv	wrap_in0_1_conv	ANE	CPU,ANE	0.0769
pixel_unshuffle	3	ios18.relu	wrap_in0_1_relu	ANE	CPU,ANE	0.0431
pixel_unshuffle	4	ios16.pixel_unshuffle	pixel_unshuffle_0	ANE	CPU,ANE	0.0590
pixel_unshuffle	5	ios18.conv	wrap_out_0_conv	ANE	CPU,ANE	0.3074
pixel_unshuffle	6	ios18.relu	wrap_out_0_relu	ANE	CPU,ANE	0.0431
pixel_unshuffle	7	ios18.conv	wrap_out_1_conv	ANE	CPU,ANE	0.3074
pixel_unshuffle	8	ios18.relu	wrap_out_1_relu	CPU	CPU,ANE	0.0431
pow	0	ios18.conv	wrap_in0_0_conv	ANE	CPU,ANE	0.0951
pow	1	ios18.relu	wrap_in0_0_relu	ANE	CPU,ANE	0.0533
pow	2	ios18.conv	wrap_in0_1_conv	ANE	CPU,ANE	0.0951
pow	3	ios18.relu	wrap_in0_1_relu	ANE	CPU,ANE	0.0533
pow	4	ios18.conv	wrap_in1_0_conv	ANE	CPU,ANE	0.0951
pow	5	ios18.relu	wrap_in1_0_relu	ANE	CPU,ANE	0.0533
pow	6	ios18.conv	wrap_in1_1_conv	ANE	CPU,ANE	0.0951
pow	7	ios18.relu	wrap_in1_1_relu	ANE	CPU,ANE	0.0533
pow	8	ios18.pow	pow_0	ANE	CPU,ANE	0.1096
pow	9	ios18.conv	wrap_out_0_conv	ANE	CPU,ANE	0.0951
pow	10	ios18.relu	wrap_out_0_relu	ANE	CPU,ANE	0.0533
pow	11	ios18.conv	wrap_out_1_conv	ANE	CPU,ANE	0.0951
pow	12	ios18.relu	wrap_out_1_relu	CPU	CPU,ANE	0.0533
pow_const	0	ios18.conv	wrap_in0_0_conv	ANE	CPU,ANE	0.1426
pow_const	1	ios18.relu	wrap_in0_0_relu	ANE	CPU,ANE	0.0800
pow_const	2	ios18.conv	wrap_in0_1_conv	ANE	CPU,ANE	0.1426
pow_const	3	ios18.relu	wrap_in0_1_relu	ANE	CPU,ANE	0.0800
pow_const	4	ios18.pow	pow_0	ANE	CPU,ANE	0.1096
pow_const	5	ios18.conv	wrap_out_0_conv	ANE	CPU,ANE	0.1426
pow_const	6	ios18.relu	wrap_out_0_relu	ANE	CPU,ANE	0.0800
pow_const	7	ios18.conv	wrap_out_1_conv	ANE	CPU,ANE	0.1426
pow_const	8	ios18.relu	wrap_out_1_relu	CPU	CPU,ANE	0.0800
pow_half	0	ios18.conv	wrap_in0_0_conv	ANE	CPU,ANE	0.1426
pow_half	1	ios18.relu	wrap_in0_0_relu	ANE	CPU,ANE	0.0800
pow_half	2	ios18.conv	wrap_in0_1_conv	ANE	CPU,ANE	0.1426
pow_half	3	ios18.relu	wrap_in0_1_relu	ANE	CPU,ANE	0.0800
pow_half	4	ios18.pow	pow_0	ANE	CPU,ANE	0.1096
pow_half	5	ios18.conv	wrap_out_0_conv	ANE	CPU,ANE	0.1426
pow_half	6	ios18.relu	wrap_out_0_relu	ANE	CPU,ANE	0.0800
pow_half	7	ios18.conv	wrap_out_1_conv	ANE	CPU,ANE	0.1426
pow_half	8	ios18.relu	wrap_out_1_relu	CPU	CPU,ANE	0.0800
prelu	0	ios18.conv	wrap_in0_0_conv	ANE	CPU,ANE	0.1426
prelu	1	ios18.relu	wrap_in0_0_relu	ANE	CPU,ANE	0.0800
prelu	2	ios18.conv	wrap_in0_1_conv	ANE	CPU,ANE	0.1426
prelu	3	ios18.relu	wrap_in0_1_relu	ANE	CPU,ANE	0.0800
prelu	4	ios18.leaky_relu	prelu_0	ANE	CPU,ANE	0.1096
prelu	5	ios18.conv	wrap_out_0_conv	ANE	CPU,ANE	0.1426
prelu	6	ios18.relu	wrap_out_0_relu	ANE	CPU,ANE	0.0800
prelu	7	ios18.conv	wrap_out_1_conv	ANE	CPU,ANE	0.1426
prelu	8	ios18.relu	wrap_out_1_relu	CPU	CPU,ANE	0.0800
q_dq_i8	0	ios18.conv	wrap_in0_0_conv	ANE	CPU,ANE	0.1352
q_dq_i8	1	ios18.relu	wrap_in0_0_relu	ANE	CPU,ANE	0.0758
q_dq_i8	2	ios18.conv	wrap_in0_1_conv	ANE	CPU,ANE	0.1352
q_dq_i8	3	ios18.relu	wrap_in0_1_relu	ANE	CPU,ANE	0.0758
q_dq_i8	4	ios18.quantize	quantize_0	ANE	CPU,ANE	0.0779
q_dq_i8	5	ios18.dequantize	dequantize_0	ANE	CPU,ANE	0.0779
q_dq_i8	6	ios18.conv	wrap_out_0_conv	ANE	CPU,ANE	0.1352
q_dq_i8	7	ios18.relu	wrap_out_0_relu	ANE	CPU,ANE	0.0758
q_dq_i8	8	ios18.conv	wrap_out_1_conv	ANE	CPU,ANE	0.1352
q_dq_i8	9	ios18.relu	wrap_out_1_relu	ANE	CPU,ANE	0.0758
quantize_i8	0	ios18.conv	wrap_in0_0_conv	CPU	CPU,ANE	0.4676
quantize_i8	1	ios18.relu	wrap_in0_0_relu	CPU	CPU,ANE	0.0123
quantize_i8	2	ios18.conv	wrap_in0_1_conv	CPU	CPU,ANE	0.4676
quantize_i8	3	ios18.relu	wrap_in0_1_relu	CPU	CPU,ANE	0.0123
quantize_i8	4	ios18.quantize	quantize_0__pre__output__int32__cast	CPU	CPU,ANE	0.0151
quantize_i8	5	ios18.cast	quantize_0	CPU	CPU	0.0252
random_normal	0	ios18.conv	wrap_in0_0_conv	CPU	CPU,ANE	0.2353
random_normal	1	ios18.relu	wrap_in0_0_relu	CPU	CPU,ANE	0.0062
random_normal	2	ios18.conv	wrap_in0_1_conv	CPU	CPU,ANE	0.2353
random_normal	3	ios18.relu	wrap_in0_1_relu	CPU	CPU,ANE	0.0062
random_normal	4	ios18.random_normal	random_normal_0_cast_fp16	CPU	CPU	0.0051
random_normal	5	ios18.add	add_0	CPU	CPU,ANE	0.0292
random_normal	6	ios18.conv	wrap_out_0_conv	CPU	CPU,ANE	0.2353
random_normal	7	ios18.relu	wrap_out_0_relu	CPU	CPU,ANE	0.0062
random_normal	8	ios18.conv	wrap_out_1_conv	CPU	CPU,ANE	0.2353
random_normal	9	ios18.relu	wrap_out_1_relu	CPU	CPU,ANE	0.0062
range_1d	0	ios18.cast	x0_to_int16	CPU	CPU	0.1579
range_1d	1	ios18.squeeze	squeeze_0_cast_int16	CPU	CPU,ANE	0.1053
range_1d	2	ios18.cast	squeeze_0_cast_int16_to_int32	CPU	CPU	0.1579
range_1d	3	range_1d	range_1d_0	CPU	CPU	0.4211
range_1d	4	ios18.cast	cast_0	CPU	CPU	0.1579
real_div	0	ios18.conv	wrap_in0_0_conv	ANE	CPU,ANE	0.0951
real_div	1	ios18.relu	wrap_in0_0_relu	ANE	CPU,ANE	0.0533
real_div	2	ios18.conv	wrap_in0_1_conv	ANE	CPU,ANE	0.0951
real_div	3	ios18.relu	wrap_in0_1_relu	ANE	CPU,ANE	0.0533
real_div	4	ios18.conv	wrap_in1_0_conv	ANE	CPU,ANE	0.0951
real_div	5	ios18.relu	wrap_in1_0_relu	ANE	CPU,ANE	0.0533
real_div	6	ios18.conv	wrap_in1_1_conv	ANE	CPU,ANE	0.0951
real_div	7	ios18.relu	wrap_in1_1_relu	ANE	CPU,ANE	0.0533
real_div	8	ios18.real_div	real_div_0	ANE	CPU,ANE	0.1096
real_div	9	ios18.conv	wrap_out_0_conv	ANE	CPU,ANE	0.0951
real_div	10	ios18.relu	wrap_out_0_relu	ANE	CPU,ANE	0.0533
real_div	11	ios18.conv	wrap_out_1_conv	ANE	CPU,ANE	0.0951
real_div	12	ios18.relu	wrap_out_1_relu	CPU	CPU,ANE	0.0533
reduce_argmax_c	0	ios18.conv	wrap_in0_0_conv	CPU	CPU,ANE	0.4785
reduce_argmax_c	1	ios18.relu	wrap_in0_0_relu	CPU	CPU,ANE	0.0125
reduce_argmax_c	2	ios18.conv	wrap_in0_1_conv	CPU	CPU,ANE	0.4785
reduce_argmax_c	3	ios18.relu	wrap_in0_1_relu	CPU	CPU,ANE	0.0125
reduce_argmax_c	4	ios18.reduce_argmax	reduce_argmax_0	CPU	CPU	0.0106
reduce_argmax_c	5	ios18.cast	cast_0	CPU	CPU	0.0005
reduce_argmax_c	6	ios18.conv	wrap_out_0_conv	CPU	CPU,ANE	0.0033
reduce_argmax_c	7	ios18.relu	wrap_out_0_relu	CPU	CPU,ANE	0.0002
reduce_argmax_c	8	ios18.conv	wrap_out_1_conv	CPU	CPU,ANE	0.0033
reduce_argmax_c	9	ios18.relu	wrap_out_1_relu	CPU	CPU,ANE	0.0002
reduce_argmax_w	0	ios18.conv	wrap_in0_0_conv	CPU	CPU,ANE	0.4545
reduce_argmax_w	1	ios18.relu	wrap_in0_0_relu	CPU	CPU,ANE	0.0119
reduce_argmax_w	2	ios18.conv	wrap_in0_1_conv	CPU	CPU,ANE	0.4545
reduce_argmax_w	3	ios18.relu	wrap_in0_1_relu	CPU	CPU,ANE	0.0119
reduce_argmax_w	4	ios18.reduce_argmax	reduce_argmax_0	CPU	CPU	0.0104
reduce_argmax_w	5	ios18.cast	cast_0	CPU	CPU	0.0009
reduce_argmax_w	6	ios18.conv	wrap_out_0_conv	CPU	CPU,ANE	0.0276
reduce_argmax_w	7	ios18.relu	wrap_out_0_relu	CPU	CPU,ANE	0.0004
reduce_argmax_w	8	ios18.conv	wrap_out_1_conv	CPU	CPU,ANE	0.0276
reduce_argmax_w	9	ios18.relu	wrap_out_1_relu	CPU	CPU,ANE	0.0004
reduce_l1_norm_c	0	ios18.conv	wrap_in0_0_conv	CPU	CPU,ANE	0.4788
reduce_l1_norm_c	1	ios18.relu	wrap_in0_0_relu	CPU	CPU,ANE	0.0125
reduce_l1_norm_c	2	ios18.conv	wrap_in0_1_conv	CPU	CPU,ANE	0.4788
reduce_l1_norm_c	3	ios18.relu	wrap_in0_1_relu	CPU	CPU,ANE	0.0125
reduce_l1_norm_c	4	ios16.reduce_l1_norm	reduce_l1_norm_0	CPU	CPU,ANE	0.0105
reduce_l1_norm_c	5	ios18.conv	wrap_out_0_conv	CPU	CPU,ANE	0.0033
reduce_l1_norm_c	6	ios18.relu	wrap_out_0_relu	CPU	CPU,ANE	0.0002
reduce_l1_norm_c	7	ios18.conv	wrap_out_1_conv	CPU	CPU,ANE	0.0033
reduce_l1_norm_c	8	ios18.relu	wrap_out_1_relu	CPU	CPU,ANE	0.0002
reduce_l2_norm_c	0	ios18.conv	wrap_in0_0_conv	CPU	CPU,ANE	0.4788
reduce_l2_norm_c	1	ios18.relu	wrap_in0_0_relu	CPU	CPU,ANE	0.0125
reduce_l2_norm_c	2	ios18.conv	wrap_in0_1_conv	CPU	CPU,ANE	0.4788
reduce_l2_norm_c	3	ios18.relu	wrap_in0_1_relu	CPU	CPU,ANE	0.0125
reduce_l2_norm_c	4	ios16.reduce_l2_norm	reduce_l2_norm_0	CPU	CPU,ANE	0.0105
reduce_l2_norm_c	5	ios18.conv	wrap_out_0_conv	CPU	CPU,ANE	0.0033
reduce_l2_norm_c	6	ios18.relu	wrap_out_0_relu	CPU	CPU,ANE	0.0002
reduce_l2_norm_c	7	ios18.conv	wrap_out_1_conv	CPU	CPU,ANE	0.0033
reduce_l2_norm_c	8	ios18.relu	wrap_out_1_relu	CPU	CPU,ANE	0.0002
reduce_log_sum_c	0	ios18.conv	wrap_in0_0_conv	CPU	CPU,ANE	0.4788
reduce_log_sum_c	1	ios18.relu	wrap_in0_0_relu	CPU	CPU,ANE	0.0125
reduce_log_sum_c	2	ios18.conv	wrap_in0_1_conv	CPU	CPU,ANE	0.4788
reduce_log_sum_c	3	ios18.relu	wrap_in0_1_relu	CPU	CPU,ANE	0.0125
reduce_log_sum_c	4	ios16.reduce_log_sum	reduce_log_sum_0	CPU	CPU,ANE	0.0105
reduce_log_sum_c	5	ios18.conv	wrap_out_0_conv	CPU	CPU,ANE	0.0033
reduce_log_sum_c	6	ios18.relu	wrap_out_0_relu	CPU	CPU,ANE	0.0002
reduce_log_sum_c	7	ios18.conv	wrap_out_1_conv	CPU	CPU,ANE	0.0033
reduce_log_sum_c	8	ios18.relu	wrap_out_1_relu	CPU	CPU,ANE	0.0002
reduce_log_sum_exp_c	0	ios18.conv	wrap_in0_0_conv	CPU	CPU,ANE	0.4788
reduce_log_sum_exp_c	1	ios18.relu	wrap_in0_0_relu	CPU	CPU,ANE	0.0125
reduce_log_sum_exp_c	2	ios18.conv	wrap_in0_1_conv	CPU	CPU,ANE	0.4788
reduce_log_sum_exp_c	3	ios18.relu	wrap_in0_1_relu	CPU	CPU,ANE	0.0125
reduce_log_sum_exp_c	4	ios16.reduce_log_sum_exp	reduce_log_sum_exp_0	CPU	CPU,ANE	0.0105
reduce_log_sum_exp_c	5	ios18.conv	wrap_out_0_conv	CPU	CPU,ANE	0.0033
reduce_log_sum_exp_c	6	ios18.relu	wrap_out_0_relu	CPU	CPU,ANE	0.0002
reduce_log_sum_exp_c	7	ios18.conv	wrap_out_1_conv	CPU	CPU,ANE	0.0033
reduce_log_sum_exp_c	8	ios18.relu	wrap_out_1_relu	CPU	CPU,ANE	0.0002
reduce_max_c	0	ios18.conv	wrap_in0_0_conv	CPU	CPU,ANE	0.4788
reduce_max_c	1	ios18.relu	wrap_in0_0_relu	CPU	CPU,ANE	0.0125
reduce_max_c	2	ios18.conv	wrap_in0_1_conv	CPU	CPU,ANE	0.4788
reduce_max_c	3	ios18.relu	wrap_in0_1_relu	CPU	CPU,ANE	0.0125
reduce_max_c	4	ios16.reduce_max	reduce_max_0	CPU	CPU,ANE	0.0105
reduce_max_c	5	ios18.conv	wrap_out_0_conv	CPU	CPU,ANE	0.0033
reduce_max_c	6	ios18.relu	wrap_out_0_relu	CPU	CPU,ANE	0.0002
reduce_max_c	7	ios18.conv	wrap_out_1_conv	CPU	CPU,ANE	0.0033
reduce_max_c	8	ios18.relu	wrap_out_1_relu	CPU	CPU,ANE	0.0002
reduce_mean_c	0	ios18.conv	wrap_in0_0_conv	CPU	CPU,ANE	0.4788
reduce_mean_c	1	ios18.relu	wrap_in0_0_relu	CPU	CPU,ANE	0.0125
reduce_mean_c	2	ios18.conv	wrap_in0_1_conv	CPU	CPU,ANE	0.4788
reduce_mean_c	3	ios18.relu	wrap_in0_1_relu	CPU	CPU,ANE	0.0125
reduce_mean_c	4	ios16.reduce_mean	reduce_mean_0	CPU	CPU,ANE	0.0105
reduce_mean_c	5	ios18.conv	wrap_out_0_conv	CPU	CPU,ANE	0.0033
reduce_mean_c	6	ios18.relu	wrap_out_0_relu	CPU	CPU,ANE	0.0002
reduce_mean_c	7	ios18.conv	wrap_out_1_conv	CPU	CPU,ANE	0.0033
reduce_mean_c	8	ios18.relu	wrap_out_1_relu	CPU	CPU,ANE	0.0002
reduce_min_c	0	ios18.conv	wrap_in0_0_conv	CPU	CPU,ANE	0.4788
reduce_min_c	1	ios18.relu	wrap_in0_0_relu	CPU	CPU,ANE	0.0125
reduce_min_c	2	ios18.conv	wrap_in0_1_conv	CPU	CPU,ANE	0.4788
reduce_min_c	3	ios18.relu	wrap_in0_1_relu	CPU	CPU,ANE	0.0125
reduce_min_c	4	ios16.reduce_min	reduce_min_0	CPU	CPU,ANE	0.0105
reduce_min_c	5	ios18.conv	wrap_out_0_conv	CPU	CPU,ANE	0.0033
reduce_min_c	6	ios18.relu	wrap_out_0_relu	CPU	CPU,ANE	0.0002
reduce_min_c	7	ios18.conv	wrap_out_1_conv	CPU	CPU,ANE	0.0033
reduce_min_c	8	ios18.relu	wrap_out_1_relu	CPU	CPU,ANE	0.0002
reduce_prod_c	0	ios18.conv	wrap_in0_0_conv	CPU	CPU,ANE	0.4788
reduce_prod_c	1	ios18.relu	wrap_in0_0_relu	CPU	CPU,ANE	0.0125
reduce_prod_c	2	ios18.conv	wrap_in0_1_conv	CPU	CPU,ANE	0.4788
reduce_prod_c	3	ios18.relu	wrap_in0_1_relu	CPU	CPU,ANE	0.0125
reduce_prod_c	4	ios16.reduce_prod	reduce_prod_0	CPU	CPU	0.0105
reduce_prod_c	5	ios18.conv	wrap_out_0_conv	CPU	CPU,ANE	0.0033
reduce_prod_c	6	ios18.relu	wrap_out_0_relu	CPU	CPU,ANE	0.0002
reduce_prod_c	7	ios18.conv	wrap_out_1_conv	CPU	CPU,ANE	0.0033
reduce_prod_c	8	ios18.relu	wrap_out_1_relu	CPU	CPU,ANE	0.0002
reduce_sum_all	0	ios18.conv	wrap_in0_0_conv	CPU	CPU,ANE	0.4822
reduce_sum_all	1	ios18.relu	wrap_in0_0_relu	CPU	CPU,ANE	0.0126
reduce_sum_all	2	ios18.conv	wrap_in0_1_conv	CPU	CPU,ANE	0.4822
reduce_sum_all	3	ios18.relu	wrap_in0_1_relu	CPU	CPU,ANE	0.0126
reduce_sum_all	4	ios16.reduce_sum	reduce_sum_0	CPU	CPU,ANE	0.0104
reduce_sum_all	5	ios18.conv	wrap_out_0_conv	CPU	CPU,ANE	0.0000
reduce_sum_all	6	ios18.relu	wrap_out_0_relu	CPU	CPU,ANE	0.0000
reduce_sum_all	7	ios18.conv	wrap_out_1_conv	CPU	CPU,ANE	0.0000
reduce_sum_all	8	ios18.relu	wrap_out_1_relu	CPU	CPU,ANE	0.0000
reduce_sum_c	0	ios18.conv	wrap_in0_0_conv	CPU	CPU,ANE	0.4788
reduce_sum_c	1	ios18.relu	wrap_in0_0_relu	CPU	CPU,ANE	0.0125
reduce_sum_c	2	ios18.conv	wrap_in0_1_conv	CPU	CPU,ANE	0.4788
reduce_sum_c	3	ios18.relu	wrap_in0_1_relu	CPU	CPU,ANE	0.0125
reduce_sum_c	4	ios16.reduce_sum	reduce_sum_0	CPU	CPU,ANE	0.0105
reduce_sum_c	5	ios18.conv	wrap_out_0_conv	CPU	CPU,ANE	0.0033
reduce_sum_c	6	ios18.relu	wrap_out_0_relu	CPU	CPU,ANE	0.0002
reduce_sum_c	7	ios18.conv	wrap_out_1_conv	CPU	CPU,ANE	0.0033
reduce_sum_c	8	ios18.relu	wrap_out_1_relu	CPU	CPU,ANE	0.0002
reduce_sum_square_c	0	ios18.conv	wrap_in0_0_conv	CPU	CPU,ANE	0.4788
reduce_sum_square_c	1	ios18.relu	wrap_in0_0_relu	CPU	CPU,ANE	0.0125
reduce_sum_square_c	2	ios18.conv	wrap_in0_1_conv	CPU	CPU,ANE	0.4788
reduce_sum_square_c	3	ios18.relu	wrap_in0_1_relu	CPU	CPU,ANE	0.0125
reduce_sum_square_c	4	ios16.reduce_sum_square	reduce_sum_square_0	CPU	CPU,ANE	0.0105
reduce_sum_square_c	5	ios18.conv	wrap_out_0_conv	CPU	CPU,ANE	0.0033
reduce_sum_square_c	6	ios18.relu	wrap_out_0_relu	CPU	CPU,ANE	0.0002
reduce_sum_square_c	7	ios18.conv	wrap_out_1_conv	CPU	CPU,ANE	0.0033
reduce_sum_square_c	8	ios18.relu	wrap_out_1_relu	CPU	CPU,ANE	0.0002
reduce_sum_w	0	ios18.conv	wrap_in0_0_conv	CPU	CPU,ANE	0.4550
reduce_sum_w	1	ios18.relu	wrap_in0_0_relu	CPU	CPU,ANE	0.0119
reduce_sum_w	2	ios18.conv	wrap_in0_1_conv	CPU	CPU,ANE	0.4550
reduce_sum_w	3	ios18.relu	wrap_in0_1_relu	CPU	CPU,ANE	0.0119
reduce_sum_w	4	ios16.reduce_sum	reduce_sum_0	CPU	CPU,ANE	0.0101
reduce_sum_w	5	ios18.conv	wrap_out_0_conv	CPU	CPU,ANE	0.0276
reduce_sum_w	6	ios18.relu	wrap_out_0_relu	CPU	CPU,ANE	0.0004
reduce_sum_w	7	ios18.conv	wrap_out_1_conv	CPU	CPU,ANE	0.0276
reduce_sum_w	8	ios18.relu	wrap_out_1_relu	CPU	CPU,ANE	0.0004
relu	0	ios18.conv	wrap_in0_0_conv	ANE	CPU,ANE	0.1602
relu	1	ios18.relu	wrap_in0_0_relu	ANE	CPU,ANE	0.0898
relu	2	ios18.conv	wrap_in0_1_conv	ANE	CPU,ANE	0.1602
relu	3	ios18.relu	wrap_in0_1_relu	ANE	CPU,ANE	0.0898
relu	4	ios18.conv	wrap_out_0_conv	ANE	CPU,ANE	0.1602
relu	5	ios18.relu	wrap_out_0_relu	ANE	CPU,ANE	0.0898
relu	6	ios18.conv	wrap_out_1_conv	ANE	CPU,ANE	0.1602
relu	7	ios18.relu	wrap_out_1_relu	CPU	CPU,ANE	0.0898
relu6	0	ios18.conv	wrap_in0_0_conv	ANE	CPU,ANE	0.1426
relu6	1	ios18.relu	wrap_in0_0_relu	ANE	CPU,ANE	0.0800
relu6	2	ios18.conv	wrap_in0_1_conv	ANE	CPU,ANE	0.1426
relu6	3	ios18.relu	wrap_in0_1_relu	ANE	CPU,ANE	0.0800
relu6	4	ios18.relu6	relu6_0	ANE	CPU,ANE	0.1096
relu6	5	ios18.conv	wrap_out_0_conv	ANE	CPU,ANE	0.1426
relu6	6	ios18.relu	wrap_out_0_relu	ANE	CPU,ANE	0.0800
relu6	7	ios18.conv	wrap_out_1_conv	ANE	CPU,ANE	0.1426
relu6	8	ios18.relu	wrap_out_1_relu	ANE	CPU,ANE	0.0800
relu_c65536	0	ios18.conv	wrap_in0_0_conv	CPU	CPU,ANE	0.2358
relu_c65536	1	ios18.relu	wrap_in0_0_relu	CPU	CPU,ANE	0.0142
relu_c65536	2	ios18.conv	wrap_in0_1_conv	CPU	CPU,ANE	0.2358
relu_c65536	3	ios18.relu	wrap_in0_1_relu	CPU	CPU,ANE	0.0142
relu_c65536	4	ios18.conv	wrap_out_0_conv	CPU	CPU,ANE	0.2358
relu_c65536	5	ios18.relu	wrap_out_0_relu	CPU	CPU,ANE	0.0142
relu_c65536	6	ios18.conv	wrap_out_1_conv	CPU	CPU,ANE	0.2358
relu_c65536	7	ios18.relu	wrap_out_1_relu	CPU	CPU,ANE	0.0142
relu_c65537	0	ios18.conv	wrap_in0_0_conv	CPU	CPU	0.2358
relu_c65537	1	ios18.relu	wrap_in0_0_relu	CPU	CPU	0.0142
relu_c65537	2	ios18.conv	wrap_in0_1_conv	CPU	CPU	0.2358
relu_c65537	3	ios18.relu	wrap_in0_1_relu	CPU	CPU	0.0142
relu_c65537	4	ios18.conv	wrap_out_0_conv	CPU	CPU	0.2358
relu_c65537	5	ios18.relu	wrap_out_0_relu	CPU	CPU	0.0142
relu_c65537	6	ios18.conv	wrap_out_1_conv	CPU	CPU	0.2358
relu_c65537	7	ios18.relu	wrap_out_1_relu	CPU	CPU	0.0142
relu_f32	0	ios18.cast	x0_to_fp16	CPU	CPU,ANE	0.4157
relu_f32	1	ios18.relu	relu_0_cast_fp16	CPU	CPU,ANE	0.1686
relu_f32	2	ios18.cast	relu_0	CPU	CPU,ANE	0.4157
relu_h65536	0	ios18.conv	wrap_in0_0_conv	CPU	CPU,ANE	0.2358
relu_h65536	1	ios18.relu	wrap_in0_0_relu	CPU	CPU,ANE	0.0142
relu_h65536	2	ios18.conv	wrap_in0_1_conv	CPU	CPU,ANE	0.2358
relu_h65536	3	ios18.relu	wrap_in0_1_relu	CPU	CPU,ANE	0.0142
relu_h65536	4	ios18.conv	wrap_out_0_conv	CPU	CPU,ANE	0.2358
relu_h65536	5	ios18.relu	wrap_out_0_relu	CPU	CPU,ANE	0.0142
relu_h65536	6	ios18.conv	wrap_out_1_conv	CPU	CPU,ANE	0.2358
relu_h65536	7	ios18.relu	wrap_out_1_relu	CPU	CPU,ANE	0.0142
relu_h65537	0	ios18.conv	wrap_in0_0_conv	CPU	CPU	0.2358
relu_h65537	1	ios18.relu	wrap_in0_0_relu	CPU	CPU	0.0142
relu_h65537	2	ios18.conv	wrap_in0_1_conv	CPU	CPU	0.2358
relu_h65537	3	ios18.relu	wrap_in0_1_relu	CPU	CPU	0.0142
relu_h65537	4	ios18.conv	wrap_out_0_conv	CPU	CPU	0.2358
relu_h65537	5	ios18.relu	wrap_out_0_relu	CPU	CPU	0.0142
relu_h65537	6	ios18.conv	wrap_out_1_conv	CPU	CPU	0.2358
relu_h65537	7	ios18.relu	wrap_out_1_relu	CPU	CPU	0.0142
relu_n64	0	ios18.conv	wrap_in0_0_conv	ANE	CPU,ANE	0.1602
relu_n64	1	ios18.relu	wrap_in0_0_relu	ANE	CPU,ANE	0.0898
relu_n64	2	ios18.conv	wrap_in0_1_conv	ANE	CPU,ANE	0.1602
relu_n64	3	ios18.relu	wrap_in0_1_relu	ANE	CPU,ANE	0.0898
relu_n64	4	ios18.conv	wrap_out_0_conv	ANE	CPU,ANE	0.1602
relu_n64	5	ios18.relu	wrap_out_0_relu	ANE	CPU,ANE	0.0898
relu_n64	6	ios18.conv	wrap_out_1_conv	ANE	CPU,ANE	0.1602
relu_n64	7	ios18.relu	wrap_out_1_relu	ANE	CPU,ANE	0.0898
relu_r1	0	ios18.relu	relu_0	CPU	CPU,ANE	1.0000
relu_r2	0	ios18.relu	relu_0	CPU	CPU,ANE	1.0000
relu_r3	0	ios18.linear	wrap_in0_0_lin	ANE	CPU,ANE	0.2392
relu_r3	1	ios18.relu	wrap_in0_0_relu	ANE	CPU,ANE	0.0108
relu_r3	2	ios18.linear	wrap_in0_1_lin	ANE	CPU,ANE	0.2392
relu_r3	3	ios18.relu	wrap_in0_1_relu	ANE	CPU,ANE	0.0108
relu_r3	4	ios18.linear	wrap_out_0_lin	ANE	CPU,ANE	0.2392
relu_r3	5	ios18.relu	wrap_out_0_relu	ANE	CPU,ANE	0.0108
relu_r3	6	ios18.linear	wrap_out_1_lin	ANE	CPU,ANE	0.2392
relu_r3	7	ios18.relu	wrap_out_1_relu	ANE	CPU,ANE	0.0108
relu_r5	0	ios18.relu	relu_0	CPU	CPU,ANE	1.0000
relu_w16384	0	ios18.conv	wrap_in0_0_conv	CPU	CPU,ANE	0.2358
relu_w16384	1	ios18.relu	wrap_in0_0_relu	CPU	CPU,ANE	0.0142
relu_w16384	2	ios18.conv	wrap_in0_1_conv	CPU	CPU,ANE	0.2358
relu_w16384	3	ios18.relu	wrap_in0_1_relu	CPU	CPU,ANE	0.0142
relu_w16384	4	ios18.conv	wrap_out_0_conv	CPU	CPU,ANE	0.2358
relu_w16384	5	ios18.relu	wrap_out_0_relu	CPU	CPU,ANE	0.0142
relu_w16384	6	ios18.conv	wrap_out_1_conv	CPU	CPU,ANE	0.2358
relu_w16384	7	ios18.relu	wrap_out_1_relu	CPU	CPU,ANE	0.0142
relu_w16385	0	ios18.conv	wrap_in0_0_conv	CPU	CPU,ANE	0.2358
relu_w16385	1	ios18.relu	wrap_in0_0_relu	CPU	CPU,ANE	0.0142
relu_w16385	2	ios18.conv	wrap_in0_1_conv	CPU	CPU,ANE	0.2358
relu_w16385	3	ios18.relu	wrap_in0_1_relu	CPU	CPU,ANE	0.0142
relu_w16385	4	ios18.conv	wrap_out_0_conv	CPU	CPU,ANE	0.2358
relu_w16385	5	ios18.relu	wrap_out_0_relu	CPU	CPU,ANE	0.0142
relu_w16385	6	ios18.conv	wrap_out_1_conv	CPU	CPU,ANE	0.2358
relu_w16385	7	ios18.relu	wrap_out_1_relu	CPU	CPU,ANE	0.0142
relu_w65536	0	ios18.conv	wrap_in0_0_conv	CPU	CPU,ANE	0.2358
relu_w65536	1	ios18.relu	wrap_in0_0_relu	CPU	CPU,ANE	0.0142
relu_w65536	2	ios18.conv	wrap_in0_1_conv	CPU	CPU,ANE	0.2358
relu_w65536	3	ios18.relu	wrap_in0_1_relu	CPU	CPU,ANE	0.0142
relu_w65536	4	ios18.conv	wrap_out_0_conv	CPU	CPU,ANE	0.2358
relu_w65536	5	ios18.relu	wrap_out_0_relu	CPU	CPU,ANE	0.0142
relu_w65536	6	ios18.conv	wrap_out_1_conv	CPU	CPU,ANE	0.2358
relu_w65536	7	ios18.relu	wrap_out_1_relu	CPU	CPU,ANE	0.0142
relu_w65537	0	ios18.conv	wrap_in0_0_conv	CPU	CPU	0.2358
relu_w65537	1	ios18.relu	wrap_in0_0_relu	CPU	CPU	0.0142
relu_w65537	2	ios18.conv	wrap_in0_1_conv	CPU	CPU	0.2358
relu_w65537	3	ios18.relu	wrap_in0_1_relu	CPU	CPU	0.0142
relu_w65537	4	ios18.conv	wrap_out_0_conv	CPU	CPU	0.2358
relu_w65537	5	ios18.relu	wrap_out_0_relu	CPU	CPU	0.0142
relu_w65537	6	ios18.conv	wrap_out_1_conv	CPU	CPU	0.2358
relu_w65537	7	ios18.relu	wrap_out_1_relu	CPU	CPU	0.0142
resample	0	ios18.conv	wrap_in0_0_conv	ANE	CPU,ANE	0.1403
resample	1	ios18.relu	wrap_in0_0_relu	ANE	CPU,ANE	0.0787
resample	2	ios18.conv	wrap_in0_1_conv	ANE	CPU,ANE	0.1403
resample	3	ios18.relu	wrap_in0_1_relu	ANE	CPU,ANE	0.0787
resample	4	ios18.conv	wrap_in1_0_conv	ANE	CPU,ANE	0.0049
resample	5	ios18.relu	wrap_in1_0_relu	ANE	CPU,ANE	0.0025
resample	6	ios18.conv	wrap_in1_1_conv	ANE	CPU,ANE	0.0049
resample	7	ios18.relu	wrap_in1_1_relu	ANE	CPU,ANE	0.0025
resample	8	ios18.resample	resample_0	ANE	CPU,ANE	0.1094
resample	9	ios18.conv	wrap_out_0_conv	ANE	CPU,ANE	0.1403
resample	10	ios18.relu	wrap_out_0_relu	ANE	CPU,ANE	0.0787
resample	11	ios18.conv	wrap_out_1_conv	ANE	CPU,ANE	0.1403
resample	12	ios18.relu	wrap_out_1_relu	CPU	CPU,ANE	0.0787
reshape	0	ios18.conv	wrap_in0_0_conv	ANE	CPU,ANE	0.0630
reshape	1	ios18.relu	wrap_in0_0_relu	ANE	CPU,ANE	0.0353
reshape	2	ios18.conv	wrap_in0_1_conv	ANE	CPU,ANE	0.0630
reshape	3	ios18.relu	wrap_in0_1_relu	ANE	CPU,ANE	0.0353
reshape	4	ios18.reshape	reshape_0	ANE	CPU,ANE	0.0484
reshape	5	ios18.linear	wrap_out_0_lin	ANE	CPU,ANE	0.3421
reshape	6	ios18.relu	wrap_out_0_relu	ANE	CPU,ANE	0.0353
reshape	7	ios18.linear	wrap_out_1_lin	ANE	CPU,ANE	0.3421
reshape	8	ios18.relu	wrap_out_1_relu	ANE	CPU,ANE	0.0353
reshape_split_c	0	ios18.conv	wrap_in0_0_conv	CPU	CPU,ANE	0.4772
reshape_split_c	1	ios18.relu	wrap_in0_0_relu	CPU	CPU,ANE	0.0125
reshape_split_c	2	ios18.conv	wrap_in0_1_conv	CPU	CPU,ANE	0.4772
reshape_split_c	3	ios18.relu	wrap_in0_1_relu	CPU	CPU,ANE	0.0125
reshape_split_c	4	ios18.reshape	reshape_0	CPU	CPU,ANE	0.0205
resize_bilinear	0	ios18.conv	wrap_in0_0_conv	ANE	CPU,ANE	0.0878
resize_bilinear	1	ios18.relu	wrap_in0_0_relu	ANE	CPU,ANE	0.0492
resize_bilinear	2	ios18.conv	wrap_in0_1_conv	ANE	CPU,ANE	0.0878
resize_bilinear	3	ios18.relu	wrap_in0_1_relu	ANE	CPU,ANE	0.0492
resize_bilinear	4	ios16.resize_bilinear	resize_bilinear_0	ANE	CPU,ANE	0.1096
resize_bilinear	5	ios18.conv	wrap_out_0_conv	ANE	CPU,ANE	0.1975
resize_bilinear	6	ios18.relu	wrap_out_0_relu	ANE	CPU,ANE	0.1108
resize_bilinear	7	ios18.conv	wrap_out_1_conv	ANE	CPU,ANE	0.1975
resize_bilinear	8	ios18.relu	wrap_out_1_relu	ANE	CPU,ANE	0.1108
resize_down	0	ios18.conv	wrap_in0_0_conv	ANE	CPU,ANE	0.2051
resize_down	1	ios18.relu	wrap_in0_0_relu	ANE	CPU,ANE	0.1150
resize_down	2	ios18.conv	wrap_in0_1_conv	ANE	CPU,ANE	0.2051
resize_down	3	ios18.relu	wrap_in0_1_relu	ANE	CPU,ANE	0.1150
resize_down	4	ios18.resize	resize_0	ANE	CPU,ANE	0.1096
resize_down	5	ios18.conv	wrap_out_0_conv	ANE	CPU,ANE	0.0801
resize_down	6	ios18.relu	wrap_out_0_relu	ANE	CPU,ANE	0.0449
resize_down	7	ios18.conv	wrap_out_1_conv	ANE	CPU,ANE	0.0801
resize_down	8	ios18.relu	wrap_out_1_relu	ANE	CPU,ANE	0.0449
resize_nearest	0	ios18.conv	wrap_in0_0_conv	ANE	CPU,ANE	0.0878
resize_nearest	1	ios18.relu	wrap_in0_0_relu	ANE	CPU,ANE	0.0492
resize_nearest	2	ios18.conv	wrap_in0_1_conv	ANE	CPU,ANE	0.0878
resize_nearest	3	ios18.relu	wrap_in0_1_relu	ANE	CPU,ANE	0.0492
resize_nearest	4	resize_nearest_neighbor	resize_nearest_neighbor_0	ANE	CPU,ANE	0.1096
resize_nearest	5	ios18.conv	wrap_out_0_conv	ANE	CPU,ANE	0.1975
resize_nearest	6	ios18.relu	wrap_out_0_relu	ANE	CPU,ANE	0.1108
resize_nearest	7	ios18.conv	wrap_out_1_conv	ANE	CPU,ANE	0.1975
resize_nearest	8	ios18.relu	wrap_out_1_relu	ANE	CPU,ANE	0.1108
reverse_w	0	ios18.conv	wrap_in0_0_conv	ANE	CPU,ANE	0.1426
reverse_w	1	ios18.relu	wrap_in0_0_relu	ANE	CPU,ANE	0.0800
reverse_w	2	ios18.conv	wrap_in0_1_conv	ANE	CPU,ANE	0.1426
reverse_w	3	ios18.relu	wrap_in0_1_relu	ANE	CPU,ANE	0.0800
reverse_w	4	ios18.reverse	reverse_0	ANE	CPU,ANE	0.1096
reverse_w	5	ios18.conv	wrap_out_0_conv	ANE	CPU,ANE	0.1426
reverse_w	6	ios18.relu	wrap_out_0_relu	ANE	CPU,ANE	0.0800
reverse_w	7	ios18.conv	wrap_out_1_conv	ANE	CPU,ANE	0.1426
reverse_w	8	ios18.relu	wrap_out_1_relu	CPU	CPU,ANE	0.0800
rnn	0	ios18.linear	wrap_in0_0_lin	CPU	CPU,ANE	0.0996
rnn	1	ios18.relu	wrap_in0_0_relu	CPU	CPU,ANE	0.0021
rnn	2	ios18.linear	wrap_in0_1_lin	CPU	CPU,ANE	0.0996
rnn	3	ios18.relu	wrap_in0_1_relu	CPU	CPU,ANE	0.0021
rnn	4	ios18.rnn	rnn_0_0	CPU	CPU	0.5931
rnn	5	ios18.linear	wrap_out_0_lin	CPU	CPU,ANE	0.0996
rnn	6	ios18.relu	wrap_out_0_relu	CPU	CPU,ANE	0.0021
rnn	7	ios18.linear	wrap_out_1_lin	CPU	CPU,ANE	0.0996
rnn	8	ios18.relu	wrap_out_1_relu	CPU	CPU,ANE	0.0021
round	0	ios18.conv	wrap_in0_0_conv	ANE	CPU,ANE	0.1426
round	1	ios18.relu	wrap_in0_0_relu	ANE	CPU,ANE	0.0800
round	2	ios18.conv	wrap_in0_1_conv	ANE	CPU,ANE	0.1426
round	3	ios18.relu	wrap_in0_1_relu	ANE	CPU,ANE	0.0800
round	4	ios18.round	round_0	ANE	CPU,ANE	0.1096
round	5	ios18.conv	wrap_out_0_conv	ANE	CPU,ANE	0.1426
round	6	ios18.relu	wrap_out_0_relu	ANE	CPU,ANE	0.0800
round	7	ios18.conv	wrap_out_1_conv	ANE	CPU,ANE	0.1426
round	8	ios18.relu	wrap_out_1_relu	ANE	CPU,ANE	0.0800
rsqrt	0	ios18.conv	wrap_in0_0_conv	ANE	CPU,ANE	0.1426
rsqrt	1	ios18.relu	wrap_in0_0_relu	ANE	CPU,ANE	0.0800
rsqrt	2	ios18.conv	wrap_in0_1_conv	ANE	CPU,ANE	0.1426
rsqrt	3	ios18.relu	wrap_in0_1_relu	ANE	CPU,ANE	0.0800
rsqrt	4	ios18.rsqrt	rsqrt_0	ANE	CPU,ANE	0.1096
rsqrt	5	ios18.conv	wrap_out_0_conv	ANE	CPU,ANE	0.1426
rsqrt	6	ios18.relu	wrap_out_0_relu	ANE	CPU,ANE	0.0800
rsqrt	7	ios18.conv	wrap_out_1_conv	ANE	CPU,ANE	0.1426
rsqrt	8	ios18.relu	wrap_out_1_relu	CPU	CPU,ANE	0.0800
scaled_tanh	0	ios18.conv	wrap_in0_0_conv	ANE	CPU,ANE	0.1426
scaled_tanh	1	ios18.relu	wrap_in0_0_relu	ANE	CPU,ANE	0.0800
scaled_tanh	2	ios18.conv	wrap_in0_1_conv	ANE	CPU,ANE	0.1426
scaled_tanh	3	ios18.relu	wrap_in0_1_relu	ANE	CPU,ANE	0.0800
scaled_tanh	4	ios18.scaled_tanh	scaled_tanh_0	ANE	CPU,ANE	0.1096
scaled_tanh	5	ios18.conv	wrap_out_0_conv	ANE	CPU,ANE	0.1426
scaled_tanh	6	ios18.relu	wrap_out_0_relu	ANE	CPU,ANE	0.0800
scaled_tanh	7	ios18.conv	wrap_out_1_conv	ANE	CPU,ANE	0.1426
scaled_tanh	8	ios18.relu	wrap_out_1_relu	ANE	CPU,ANE	0.0800
scatter	0	ios18.conv	wrap_in0_0_conv	CPU	CPU,ANE	0.2269
scatter	1	ios18.relu	wrap_in0_0_relu	CPU	CPU,ANE	0.0059
scatter	2	ios18.conv	wrap_in0_1_conv	CPU	CPU,ANE	0.2269
scatter	3	ios18.relu	wrap_in0_1_relu	CPU	CPU,ANE	0.0059
scatter	4	ios18.conv	wrap_in2_0_conv	CPU	CPU,ANE	0.0284
scatter	5	ios18.relu	wrap_in2_0_relu	CPU	CPU,ANE	0.0007
scatter	6	ios18.conv	wrap_in2_1_conv	CPU	CPU,ANE	0.0284
scatter	7	ios18.relu	wrap_in2_1_relu	CPU	CPU,ANE	0.0007
scatter	8	ios18.scatter	scatter_0	CPU	CPU	0.0104
scatter	9	ios18.conv	wrap_out_0_conv	CPU	CPU,ANE	0.2269
scatter	10	ios18.relu	wrap_out_0_relu	CPU	CPU,ANE	0.0059
scatter	11	ios18.conv	wrap_out_1_conv	CPU	CPU,ANE	0.2269
scatter	12	ios18.relu	wrap_out_1_relu	CPU	CPU,ANE	0.0059
scatter_along_axis	0	ios18.conv	wrap_in0_0_conv	ANE	CPU,ANE	0.0191
scatter_along_axis	1	ios18.relu	wrap_in0_0_relu	ANE	CPU,ANE	0.0107
scatter_along_axis	2	ios18.conv	wrap_in0_1_conv	ANE	CPU,ANE	0.0191
scatter_along_axis	3	ios18.relu	wrap_in0_1_relu	ANE	CPU,ANE	0.0107
scatter_along_axis	4	ios18.conv	wrap_in2_0_conv	ANE	CPU,ANE	0.0191
scatter_along_axis	5	ios18.relu	wrap_in2_0_relu	ANE	CPU,ANE	0.0107
scatter_along_axis	6	ios18.conv	wrap_in2_1_conv	ANE	CPU,ANE	0.0191
scatter_along_axis	7	ios18.relu	wrap_in2_1_relu	CPU	CPU,ANE	0.0107
scatter_along_axis	8	ios18.scatter_along_axis	scatter_along_axis_0	CPU	CPU	0.0439
scatter_along_axis	9	ios18.conv	wrap_out_0_conv	CPU	CPU,ANE	0.4079
scatter_along_axis	10	ios18.relu	wrap_out_0_relu	CPU	CPU,ANE	0.0107
scatter_along_axis	11	ios18.conv	wrap_out_1_conv	CPU	CPU,ANE	0.4079
scatter_along_axis	12	ios18.relu	wrap_out_1_relu	CPU	CPU,ANE	0.0107
sdpa	0	ios18.conv	wrap_in0_0_conv	CPU	CPU,ANE	0.1085
sdpa	1	ios18.relu	wrap_in0_0_relu	CPU	CPU,ANE	0.0117
sdpa	2	ios18.conv	wrap_in0_1_conv	CPU	CPU,ANE	0.1085
sdpa	3	ios18.relu	wrap_in0_1_relu	CPU	CPU,ANE	0.0117
sdpa	4	ios18.conv	wrap_in1_0_conv	CPU	CPU,ANE	0.1085
sdpa	5	ios18.relu	wrap_in1_0_relu	CPU	CPU,ANE	0.0117
sdpa	6	ios18.conv	wrap_in1_1_conv	CPU	CPU,ANE	0.1085
sdpa	7	ios18.relu	wrap_in1_1_relu	CPU	CPU,ANE	0.0117
sdpa	8	ios18.conv	wrap_in2_0_conv	CPU	CPU,ANE	0.1085
sdpa	9	ios18.relu	wrap_in2_0_relu	CPU	CPU,ANE	0.0117
sdpa	10	ios18.conv	wrap_in2_1_conv	CPU	CPU,ANE	0.1085
sdpa	11	ios18.relu	wrap_in2_1_relu	CPU	CPU,ANE	0.0117
sdpa	12	ios18.scaled_dot_product_attention	scaled_dot_product_attention_0	CPU	CPU,ANE	0.0384
sdpa	13	ios18.conv	wrap_out_0_conv	CPU	CPU,ANE	0.1085
sdpa	14	ios18.relu	wrap_out_0_relu	CPU	CPU,ANE	0.0117
sdpa	15	ios18.conv	wrap_out_1_conv	CPU	CPU,ANE	0.1085
sdpa	16	ios18.relu	wrap_out_1_relu	CPU	CPU,ANE	0.0117
sdpa_mask	0	ios18.conv	wrap_in0_0_conv	CPU	CPU,ANE	0.0982
sdpa_mask	1	ios18.relu	wrap_in0_0_relu	CPU	CPU,ANE	0.0106
sdpa_mask	2	ios18.conv	wrap_in0_1_conv	CPU	CPU,ANE	0.0982
sdpa_mask	3	ios18.relu	wrap_in0_1_relu	CPU	CPU,ANE	0.0106
sdpa_mask	4	ios18.conv	wrap_in1_0_conv	CPU	CPU,ANE	0.0982
sdpa_mask	5	ios18.relu	wrap_in1_0_relu	CPU	CPU,ANE	0.0106
sdpa_mask	6	ios18.conv	wrap_in1_1_conv	CPU	CPU,ANE	0.0982
sdpa_mask	7	ios18.relu	wrap_in1_1_relu	CPU	CPU,ANE	0.0106
sdpa_mask	8	ios18.conv	wrap_in2_0_conv	CPU	CPU,ANE	0.0982
sdpa_mask	9	ios18.relu	wrap_in2_0_relu	CPU	CPU,ANE	0.0106
sdpa_mask	10	ios18.conv	wrap_in2_1_conv	CPU	CPU,ANE	0.0982
sdpa_mask	11	ios18.relu	wrap_in2_1_relu	CPU	CPU,ANE	0.0106
sdpa_mask	12	ios18.conv	wrap_in3_0_conv	CPU	CPU,ANE	0.0439
sdpa_mask	13	ios18.relu	wrap_in3_0_relu	CPU	CPU,ANE	0.0026
sdpa_mask	14	ios18.conv	wrap_in3_1_conv	CPU	CPU,ANE	0.0439
sdpa_mask	15	ios18.relu	wrap_in3_1_relu	CPU	CPU,ANE	0.0026
sdpa_mask	16	ios18.scaled_dot_product_attention	scaled_dot_product_attention_0	CPU	CPU,ANE	0.0370
sdpa_mask	17	ios18.conv	wrap_out_0_conv	CPU	CPU,ANE	0.0982
sdpa_mask	18	ios18.relu	wrap_out_0_relu	CPU	CPU,ANE	0.0106
sdpa_mask	19	ios18.conv	wrap_out_1_conv	CPU	CPU,ANE	0.0982
sdpa_mask	20	ios18.relu	wrap_out_1_relu	CPU	CPU,ANE	0.0106
select	0	ios18.conv	wrap_in0_0_conv	ANE	CPU,ANE	0.0694
select	1	ios18.relu	wrap_in0_0_relu	ANE	CPU,ANE	0.0389
select	2	ios18.conv	wrap_in0_1_conv	ANE	CPU,ANE	0.0694
select	3	ios18.relu	wrap_in0_1_relu	ANE	CPU,ANE	0.0389
select	4	ios18.conv	wrap_in1_0_conv	ANE	CPU,ANE	0.0694
select	5	ios18.relu	wrap_in1_0_relu	ANE	CPU,ANE	0.0389
select	6	ios18.conv	wrap_in1_1_conv	ANE	CPU,ANE	0.0694
select	7	ios18.relu	wrap_in1_1_relu	ANE	CPU,ANE	0.0389
select	8	ios18.conv	wrap_in2_0_conv	ANE	CPU,ANE	0.0694
select	9	ios18.relu	wrap_in2_0_relu	ANE	CPU,ANE	0.0389
select	10	ios18.conv	wrap_in2_1_conv	ANE	CPU,ANE	0.0694
select	11	ios18.relu	wrap_in2_1_relu	ANE	CPU,ANE	0.0389
select	12	ios18.greater	greater_0	ANE	CPU,ANE	0.0400
select	13	select	select_0	ANE	CPU,ANE	0.0933
select	14	ios18.conv	wrap_out_0_conv	ANE	CPU,ANE	0.0694
select	15	ios18.relu	wrap_out_0_relu	ANE	CPU,ANE	0.0389
select	16	ios18.conv	wrap_out_1_conv	ANE	CPU,ANE	0.0694
select	17	ios18.relu	wrap_out_1_relu	CPU	CPU,ANE	0.0389
shape	0	identity	x0_tmp	CPU	CPU,GPU,ANE	-
sigmoid	0	ios18.conv	wrap_in0_0_conv	ANE	CPU,ANE	0.1426
sigmoid	1	ios18.relu	wrap_in0_0_relu	ANE	CPU,ANE	0.0800
sigmoid	2	ios18.conv	wrap_in0_1_conv	ANE	CPU,ANE	0.1426
sigmoid	3	ios18.relu	wrap_in0_1_relu	ANE	CPU,ANE	0.0800
sigmoid	4	ios18.sigmoid	sigmoid_0	ANE	CPU,ANE	0.1096
sigmoid	5	ios18.conv	wrap_out_0_conv	ANE	CPU,ANE	0.1426
sigmoid	6	ios18.relu	wrap_out_0_relu	ANE	CPU,ANE	0.0800
sigmoid	7	ios18.conv	wrap_out_1_conv	ANE	CPU,ANE	0.1426
sigmoid	8	ios18.relu	wrap_out_1_relu	ANE	CPU,ANE	0.0800
sign	0	ios18.conv	wrap_in0_0_conv	ANE	CPU,ANE	0.1426
sign	1	ios18.relu	wrap_in0_0_relu	ANE	CPU,ANE	0.0800
sign	2	ios18.conv	wrap_in0_1_conv	ANE	CPU,ANE	0.1426
sign	3	ios18.relu	wrap_in0_1_relu	ANE	CPU,ANE	0.0800
sign	4	ios18.sign	sign_0	ANE	CPU,ANE	0.1096
sign	5	ios18.conv	wrap_out_0_conv	ANE	CPU,ANE	0.1426
sign	6	ios18.relu	wrap_out_0_relu	ANE	CPU,ANE	0.0800
sign	7	ios18.conv	wrap_out_1_conv	ANE	CPU,ANE	0.1426
sign	8	ios18.relu	wrap_out_1_relu	ANE	CPU,ANE	0.0800
silu	0	ios18.conv	wrap_in0_0_conv	ANE	CPU,ANE	0.1426
silu	1	ios18.relu	wrap_in0_0_relu	ANE	CPU,ANE	0.0800
silu	2	ios18.conv	wrap_in0_1_conv	ANE	CPU,ANE	0.1426
silu	3	ios18.relu	wrap_in0_1_relu	ANE	CPU,ANE	0.0800
silu	4	ios18.silu	silu_0	ANE	CPU,ANE	0.1096
silu	5	ios18.conv	wrap_out_0_conv	ANE	CPU,ANE	0.1426
silu	6	ios18.relu	wrap_out_0_relu	ANE	CPU,ANE	0.0800
silu	7	ios18.conv	wrap_out_1_conv	ANE	CPU,ANE	0.1426
silu	8	ios18.relu	wrap_out_1_relu	ANE	CPU,ANE	0.0800
sin	0	ios18.conv	wrap_in0_0_conv	ANE	CPU,ANE	0.1426
sin	1	ios18.relu	wrap_in0_0_relu	ANE	CPU,ANE	0.0800
sin	2	ios18.conv	wrap_in0_1_conv	ANE	CPU,ANE	0.1426
sin	3	ios18.relu	wrap_in0_1_relu	ANE	CPU,ANE	0.0800
sin	4	ios18.sin	sin_0	ANE	CPU,ANE	0.1096
sin	5	ios18.conv	wrap_out_0_conv	ANE	CPU,ANE	0.1426
sin	6	ios18.relu	wrap_out_0_relu	ANE	CPU,ANE	0.0800
sin	7	ios18.conv	wrap_out_1_conv	ANE	CPU,ANE	0.1426
sin	8	ios18.relu	wrap_out_1_relu	ANE	CPU,ANE	0.0800
sinh	0	ios18.conv	wrap_in0_0_conv	CPU	CPU,ANE	0.2411
sinh	1	ios18.relu	wrap_in0_0_relu	CPU	CPU,ANE	0.0063
sinh	2	ios18.conv	wrap_in0_1_conv	CPU	CPU,ANE	0.2411
sinh	3	ios18.relu	wrap_in0_1_relu	CPU	CPU,ANE	0.0063
sinh	4	ios18.sinh	sinh_0	CPU	CPU	0.0104
sinh	5	ios18.conv	wrap_out_0_conv	CPU	CPU,ANE	0.2411
sinh	6	ios18.relu	wrap_out_0_relu	CPU	CPU,ANE	0.0063
sinh	7	ios18.conv	wrap_out_1_conv	CPU	CPU,ANE	0.2411
sinh	8	ios18.relu	wrap_out_1_relu	CPU	CPU,ANE	0.0063
slice_by_size	0	ios18.conv	wrap_in0_0_conv	CPU	CPU,ANE	0.3857
slice_by_size	1	ios18.relu	wrap_in0_0_relu	CPU	CPU,ANE	0.0101
slice_by_size	2	ios18.conv	wrap_in0_1_conv	CPU	CPU,ANE	0.3857
slice_by_size	3	ios18.relu	wrap_in0_1_relu	CPU	CPU,ANE	0.0101
slice_by_size	4	ios18.slice_by_size	slice_by_size_0	CPU	CPU,ANE	0.0104
slice_by_size	5	ios18.conv	wrap_out_0_conv	CPU	CPU,ANE	0.0964
slice_by_size	6	ios18.relu	wrap_out_0_relu	CPU	CPU,ANE	0.0025
slice_by_size	7	ios18.conv	wrap_out_1_conv	CPU	CPU,ANE	0.0964
slice_by_size	8	ios18.relu	wrap_out_1_relu	CPU	CPU,ANE	0.0025
slice_c	0	ios18.conv	wrap_in0_0_conv	CPU	CPU,ANE	0.3830
slice_c	1	ios18.relu	wrap_in0_0_relu	CPU	CPU,ANE	0.0100
slice_c	2	ios18.conv	wrap_in0_1_conv	CPU	CPU,ANE	0.3830
slice_c	3	ios18.relu	wrap_in0_1_relu	CPU	CPU,ANE	0.0100
slice_c	4	ios18.slice_by_index	slice_by_index_0	CPU	CPU,ANE	0.0124
slice_c	5	ios18.conv	wrap_out_0_conv	CPU	CPU,ANE	0.0958
slice_c	6	ios18.relu	wrap_out_0_relu	CPU	CPU,ANE	0.0050
slice_c	7	ios18.conv	wrap_out_1_conv	CPU	CPU,ANE	0.0958
slice_c	8	ios18.relu	wrap_out_1_relu	CPU	CPU,ANE	0.0050
slice_dyn	0	ios18.conv	wrap_in0_0_conv	CPU	CPU,GPU,ANE	-
slice_dyn	1	ios18.relu	wrap_in0_0_relu	-	-	-
slice_dyn	2	ios18.conv	wrap_in0_1_conv	CPU	CPU,GPU,ANE	-
slice_dyn	3	ios18.relu	wrap_in0_1_relu	-	-	-
slice_dyn	4	ios18.slice_by_size	slice_by_size_0	CPU	CPU,ANE	-
slice_dyn	5	ios18.conv	wrap_out_0_conv	CPU	CPU,GPU,ANE	-
slice_dyn	6	ios18.relu	wrap_out_0_relu	-	-	-
slice_dyn	7	ios18.conv	wrap_out_1_conv	CPU	CPU,GPU,ANE	-
slice_dyn	8	ios18.relu	wrap_out_1_relu	CPU	CPU,GPU,ANE	-
slice_w_stride2	0	ios18.conv	wrap_in0_0_conv	ANE	CPU,ANE	0.1902
slice_w_stride2	1	ios18.relu	wrap_in0_0_relu	ANE	CPU,ANE	0.1066
slice_w_stride2	2	ios18.conv	wrap_in0_1_conv	ANE	CPU,ANE	0.1902
slice_w_stride2	3	ios18.relu	wrap_in0_1_relu	ANE	CPU,ANE	0.1066
slice_w_stride2	4	ios18.slice_by_index	slice_by_index_0	ANE	CPU,ANE	0.1096
slice_w_stride2	5	ios18.conv	wrap_out_0_conv	ANE	CPU,ANE	0.0951
slice_w_stride2	6	ios18.relu	wrap_out_0_relu	ANE	CPU,ANE	0.0533
slice_w_stride2	7	ios18.conv	wrap_out_1_conv	ANE	CPU,ANE	0.0951
slice_w_stride2	8	ios18.relu	wrap_out_1_relu	ANE	CPU,ANE	0.0533
sliding_windows	0	ios18.linear	wrap_in0_0_lin	ANE	CPU,ANE	0.1087
sliding_windows	1	ios18.relu	wrap_in0_0_relu	ANE	CPU,ANE	0.0049
sliding_windows	2	ios18.linear	wrap_in0_1_lin	ANE	CPU,ANE	0.1087
sliding_windows	3	ios18.relu	wrap_in0_1_relu	ANE	CPU,ANE	0.0049
sliding_windows	4	ios18.sliding_windows	sliding_windows_0	CPU	CPU	0.0120
sliding_windows	5	ios18.conv	wrap_out_0_conv	CPU	CPU,ANE	0.3706
sliding_windows	6	ios18.relu	wrap_out_0_relu	CPU	CPU,ANE	0.0097
sliding_windows	7	ios18.conv	wrap_out_1_conv	CPU	CPU,ANE	0.3706
sliding_windows	8	ios18.relu	wrap_out_1_relu	CPU	CPU,ANE	0.0097
softmax_c	0	ios18.conv	wrap_in0_0_conv	ANE	CPU,ANE	0.1426
softmax_c	1	ios18.relu	wrap_in0_0_relu	ANE	CPU,ANE	0.0800
softmax_c	2	ios18.conv	wrap_in0_1_conv	ANE	CPU,ANE	0.1426
softmax_c	3	ios18.relu	wrap_in0_1_relu	ANE	CPU,ANE	0.0800
softmax_c	4	ios18.softmax	softmax_0	ANE	CPU,ANE	0.1096
softmax_c	5	ios18.conv	wrap_out_0_conv	ANE	CPU,ANE	0.1426
softmax_c	6	ios18.relu	wrap_out_0_relu	ANE	CPU,ANE	0.0800
softmax_c	7	ios18.conv	wrap_out_1_conv	ANE	CPU,ANE	0.1426
softmax_c	8	ios18.relu	wrap_out_1_relu	CPU	CPU,ANE	0.0800
softmax_h	0	ios18.conv	wrap_in0_0_conv	ANE	CPU,ANE	0.1426
softmax_h	1	ios18.relu	wrap_in0_0_relu	ANE	CPU,ANE	0.0800
softmax_h	2	ios18.conv	wrap_in0_1_conv	ANE	CPU,ANE	0.1426
softmax_h	3	ios18.relu	wrap_in0_1_relu	ANE	CPU,ANE	0.0800
softmax_h	4	ios18.softmax	softmax_0	ANE	CPU,ANE	0.1096
softmax_h	5	ios18.conv	wrap_out_0_conv	ANE	CPU,ANE	0.1426
softmax_h	6	ios18.relu	wrap_out_0_relu	ANE	CPU,ANE	0.0800
softmax_h	7	ios18.conv	wrap_out_1_conv	ANE	CPU,ANE	0.1426
softmax_h	8	ios18.relu	wrap_out_1_relu	CPU	CPU,ANE	0.0800
softmax_n	0	ios18.conv	wrap_in0_0_conv	ANE	CPU,ANE	0.1426
softmax_n	1	ios18.relu	wrap_in0_0_relu	ANE	CPU,ANE	0.0800
softmax_n	2	ios18.conv	wrap_in0_1_conv	ANE	CPU,ANE	0.1426
softmax_n	3	ios18.relu	wrap_in0_1_relu	ANE	CPU,ANE	0.0800
softmax_n	4	ios18.softmax	softmax_0	ANE	CPU,ANE	0.1096
softmax_n	5	ios18.conv	wrap_out_0_conv	ANE	CPU,ANE	0.1426
softmax_n	6	ios18.relu	wrap_out_0_relu	ANE	CPU,ANE	0.0800
softmax_n	7	ios18.conv	wrap_out_1_conv	ANE	CPU,ANE	0.1426
softmax_n	8	ios18.relu	wrap_out_1_relu	CPU	CPU,ANE	0.0800
softmax_w	0	ios18.conv	wrap_in0_0_conv	ANE	CPU,ANE	0.1426
softmax_w	1	ios18.relu	wrap_in0_0_relu	ANE	CPU,ANE	0.0800
softmax_w	2	ios18.conv	wrap_in0_1_conv	ANE	CPU,ANE	0.1426
softmax_w	3	ios18.relu	wrap_in0_1_relu	ANE	CPU,ANE	0.0800
softmax_w	4	ios18.softmax	softmax_0	ANE	CPU,ANE	0.1096
softmax_w	5	ios18.conv	wrap_out_0_conv	ANE	CPU,ANE	0.1426
softmax_w	6	ios18.relu	wrap_out_0_relu	ANE	CPU,ANE	0.0800
softmax_w	7	ios18.conv	wrap_out_1_conv	ANE	CPU,ANE	0.1426
softmax_w	8	ios18.relu	wrap_out_1_relu	CPU	CPU,ANE	0.0800
softplus	0	ios18.conv	wrap_in0_0_conv	ANE	CPU,ANE	0.1426
softplus	1	ios18.relu	wrap_in0_0_relu	ANE	CPU,ANE	0.0800
softplus	2	ios18.conv	wrap_in0_1_conv	ANE	CPU,ANE	0.1426
softplus	3	ios18.relu	wrap_in0_1_relu	ANE	CPU,ANE	0.0800
softplus	4	ios18.softplus	softplus_0	ANE	CPU,ANE	0.1096
softplus	5	ios18.conv	wrap_out_0_conv	ANE	CPU,ANE	0.1426
softplus	6	ios18.relu	wrap_out_0_relu	ANE	CPU,ANE	0.0800
softplus	7	ios18.conv	wrap_out_1_conv	ANE	CPU,ANE	0.1426
softplus	8	ios18.relu	wrap_out_1_relu	ANE	CPU,ANE	0.0800
softsign	0	ios18.conv	wrap_in0_0_conv	ANE	CPU,ANE	0.1426
softsign	1	ios18.relu	wrap_in0_0_relu	ANE	CPU,ANE	0.0800
softsign	2	ios18.conv	wrap_in0_1_conv	ANE	CPU,ANE	0.1426
softsign	3	ios18.relu	wrap_in0_1_relu	ANE	CPU,ANE	0.0800
softsign	4	ios18.softsign	softsign_0	ANE	CPU,ANE	0.1096
softsign	5	ios18.conv	wrap_out_0_conv	ANE	CPU,ANE	0.1426
softsign	6	ios18.relu	wrap_out_0_relu	ANE	CPU,ANE	0.0800
softsign	7	ios18.conv	wrap_out_1_conv	ANE	CPU,ANE	0.1426
softsign	8	ios18.relu	wrap_out_1_relu	ANE	CPU,ANE	0.0800
space_to_batch	0	ios18.conv	wrap_in0_0_conv	ANE	CPU,ANE	0.1426
space_to_batch	1	ios18.relu	wrap_in0_0_relu	ANE	CPU,ANE	0.0800
space_to_batch	2	ios18.conv	wrap_in0_1_conv	ANE	CPU,ANE	0.1426
space_to_batch	3	ios18.relu	wrap_in0_1_relu	ANE	CPU,ANE	0.0800
space_to_batch	4	space_to_batch	space_to_batch_0	ANE	CPU,ANE	0.1096
space_to_batch	5	ios18.conv	wrap_out_0_conv	ANE	CPU,ANE	0.1426
space_to_batch	6	ios18.relu	wrap_out_0_relu	ANE	CPU,ANE	0.0800
space_to_batch	7	ios18.conv	wrap_out_1_conv	ANE	CPU,ANE	0.1426
space_to_batch	8	ios18.relu	wrap_out_1_relu	CPU	CPU,ANE	0.0800
space_to_depth	0	ios18.conv	wrap_in0_0_conv	ANE	CPU,ANE	0.0769
space_to_depth	1	ios18.relu	wrap_in0_0_relu	ANE	CPU,ANE	0.0431
space_to_depth	2	ios18.conv	wrap_in0_1_conv	ANE	CPU,ANE	0.0769
space_to_depth	3	ios18.relu	wrap_in0_1_relu	ANE	CPU,ANE	0.0431
space_to_depth	4	space_to_depth	space_to_depth_0	ANE	CPU,ANE	0.0590
space_to_depth	5	ios18.conv	wrap_out_0_conv	ANE	CPU,ANE	0.3074
space_to_depth	6	ios18.relu	wrap_out_0_relu	ANE	CPU,ANE	0.0431
space_to_depth	7	ios18.conv	wrap_out_1_conv	ANE	CPU,ANE	0.3074
space_to_depth	8	ios18.relu	wrap_out_1_relu	CPU	CPU,ANE	0.0431
split_c	0	ios18.conv	wrap_in0_0_conv	CPU	CPU,ANE	0.3830
split_c	1	ios18.relu	wrap_in0_0_relu	CPU	CPU,ANE	0.0100
split_c	2	ios18.conv	wrap_in0_1_conv	CPU	CPU,ANE	0.3830
split_c	3	ios18.relu	wrap_in0_1_relu	CPU	CPU,ANE	0.0100
split_c	4	split	split_0_0	CPU	CPU,ANE	0.0124
split_c	5	ios18.conv	wrap_out_0_conv	CPU	CPU,ANE	0.0958
split_c	6	ios18.relu	wrap_out_0_relu	CPU	CPU,ANE	0.0050
split_c	7	ios18.conv	wrap_out_1_conv	CPU	CPU,ANE	0.0958
split_c	8	ios18.relu	wrap_out_1_relu	CPU	CPU,ANE	0.0050
sqrt	0	ios18.conv	wrap_in0_0_conv	ANE	CPU,ANE	0.1426
sqrt	1	ios18.relu	wrap_in0_0_relu	ANE	CPU,ANE	0.0800
sqrt	2	ios18.conv	wrap_in0_1_conv	ANE	CPU,ANE	0.1426
sqrt	3	ios18.relu	wrap_in0_1_relu	ANE	CPU,ANE	0.0800
sqrt	4	ios18.sqrt	sqrt_0	ANE	CPU,ANE	0.1096
sqrt	5	ios18.conv	wrap_out_0_conv	ANE	CPU,ANE	0.1426
sqrt	6	ios18.relu	wrap_out_0_relu	ANE	CPU,ANE	0.0800
sqrt	7	ios18.conv	wrap_out_1_conv	ANE	CPU,ANE	0.1426
sqrt	8	ios18.relu	wrap_out_1_relu	ANE	CPU,ANE	0.0800
square	0	ios18.conv	wrap_in0_0_conv	ANE	CPU,ANE	0.1426
square	1	ios18.relu	wrap_in0_0_relu	ANE	CPU,ANE	0.0800
square	2	ios18.conv	wrap_in0_1_conv	ANE	CPU,ANE	0.1426
square	3	ios18.relu	wrap_in0_1_relu	ANE	CPU,ANE	0.0800
square	4	ios18.square	square_0	ANE	CPU,ANE	0.1096
square	5	ios18.conv	wrap_out_0_conv	ANE	CPU,ANE	0.1426
square	6	ios18.relu	wrap_out_0_relu	ANE	CPU,ANE	0.0800
square	7	ios18.conv	wrap_out_1_conv	ANE	CPU,ANE	0.1426
square	8	ios18.relu	wrap_out_1_relu	ANE	CPU,ANE	0.0800
squeeze_expand	0	ios18.conv	wrap_in0_0_conv	CPU	CPU,ANE	0.2440
squeeze_expand	1	ios18.relu	wrap_in0_0_relu	CPU	CPU,ANE	0.0033
squeeze_expand	2	ios18.conv	wrap_in0_1_conv	CPU	CPU,ANE	0.2440
squeeze_expand	3	ios18.relu	wrap_in0_1_relu	CPU	CPU,ANE	0.0033
squeeze_expand	4	ios18.squeeze	squeeze_0	CPU	CPU,ANE	0.0054
squeeze_expand	5	ios18.expand_dims	expand_dims_0	CPU	CPU,ANE	0.0054
squeeze_expand	6	ios18.conv	wrap_out_0_conv	CPU	CPU,ANE	0.2440
squeeze_expand	7	ios18.relu	wrap_out_0_relu	CPU	CPU,ANE	0.0033
squeeze_expand	8	ios18.conv	wrap_out_1_conv	CPU	CPU,ANE	0.2440
squeeze_expand	9	ios18.relu	wrap_out_1_relu	CPU	CPU,ANE	0.0033
stack	0	ios18.conv	wrap_in0_0_conv	ANE	CPU,ANE	0.1352
stack	1	ios18.relu	wrap_in0_0_relu	ANE	CPU,ANE	0.0758
stack	2	ios18.conv	wrap_in0_1_conv	ANE	CPU,ANE	0.1352
stack	3	ios18.relu	wrap_in0_1_relu	ANE	CPU,ANE	0.0758
stack	4	ios18.conv	wrap_in1_0_conv	ANE	CPU,ANE	0.1352
stack	5	ios18.relu	wrap_in1_0_relu	ANE	CPU,ANE	0.0758
stack	6	ios18.conv	wrap_in1_1_conv	ANE	CPU,ANE	0.1352
stack	7	ios18.relu	wrap_in1_1_relu	ANE	CPU,ANE	0.0758
stack	8	stack	stack_0	ANE	CPU,ANE	0.1558
sub	0	ios18.conv	wrap_in0_0_conv	ANE	CPU,ANE	0.0915
sub	1	ios18.relu	wrap_in0_0_relu	ANE	CPU,ANE	0.0513
sub	2	ios18.conv	wrap_in0_1_conv	ANE	CPU,ANE	0.0915
sub	3	ios18.relu	wrap_in0_1_relu	ANE	CPU,ANE	0.0513
sub	4	ios18.conv	wrap_in1_0_conv	ANE	CPU,ANE	0.0915
sub	5	ios18.relu	wrap_in1_0_relu	ANE	CPU,ANE	0.0513
sub	6	ios18.conv	wrap_in1_1_conv	ANE	CPU,ANE	0.0915
sub	7	ios18.relu	wrap_in1_1_relu	ANE	CPU,ANE	0.0513
sub	8	ios18.sub	sub_0	ANE	CPU,ANE	0.1427
sub	9	ios18.conv	wrap_out_0_conv	ANE	CPU,ANE	0.0915
sub	10	ios18.relu	wrap_out_0_relu	ANE	CPU,ANE	0.0513
sub	11	ios18.conv	wrap_out_1_conv	ANE	CPU,ANE	0.0915
sub	12	ios18.relu	wrap_out_1_relu	CPU	CPU,ANE	0.0513
tan	0	ios18.conv	wrap_in0_0_conv	CPU	CPU,ANE	0.2411
tan	1	ios18.relu	wrap_in0_0_relu	CPU	CPU,ANE	0.0063
tan	2	ios18.conv	wrap_in0_1_conv	CPU	CPU,ANE	0.2411
tan	3	ios18.relu	wrap_in0_1_relu	CPU	CPU,ANE	0.0063
tan	4	ios18.tan	tan_0	CPU	CPU	0.0104
tan	5	ios18.conv	wrap_out_0_conv	CPU	CPU,ANE	0.2411
tan	6	ios18.relu	wrap_out_0_relu	CPU	CPU,ANE	0.0063
tan	7	ios18.conv	wrap_out_1_conv	CPU	CPU,ANE	0.2411
tan	8	ios18.relu	wrap_out_1_relu	CPU	CPU,ANE	0.0063
tanh	0	ios18.conv	wrap_in0_0_conv	ANE	CPU,ANE	0.1426
tanh	1	ios18.relu	wrap_in0_0_relu	ANE	CPU,ANE	0.0800
tanh	2	ios18.conv	wrap_in0_1_conv	ANE	CPU,ANE	0.1426
tanh	3	ios18.relu	wrap_in0_1_relu	ANE	CPU,ANE	0.0800
tanh	4	ios18.tanh	tanh_0	ANE	CPU,ANE	0.1096
tanh	5	ios18.conv	wrap_out_0_conv	ANE	CPU,ANE	0.1426
tanh	6	ios18.relu	wrap_out_0_relu	ANE	CPU,ANE	0.0800
tanh	7	ios18.conv	wrap_out_1_conv	ANE	CPU,ANE	0.1426
tanh	8	ios18.relu	wrap_out_1_relu	ANE	CPU,ANE	0.0800
thresholded_relu	0	ios18.conv	wrap_in0_0_conv	ANE	CPU,ANE	0.1426
thresholded_relu	1	ios18.relu	wrap_in0_0_relu	ANE	CPU,ANE	0.0800
thresholded_relu	2	ios18.conv	wrap_in0_1_conv	ANE	CPU,ANE	0.1426
thresholded_relu	3	ios18.relu	wrap_in0_1_relu	ANE	CPU,ANE	0.0800
thresholded_relu	4	ios18.thresholded_relu	thresholded_relu_0	ANE	CPU,ANE	0.1096
thresholded_relu	5	ios18.conv	wrap_out_0_conv	ANE	CPU,ANE	0.1426
thresholded_relu	6	ios18.relu	wrap_out_0_relu	ANE	CPU,ANE	0.0800
thresholded_relu	7	ios18.conv	wrap_out_1_conv	ANE	CPU,ANE	0.1426
thresholded_relu	8	ios18.relu	wrap_out_1_relu	CPU	CPU,ANE	0.0800
tile	0	ios18.conv	wrap_in0_0_conv	ANE	CPU,ANE	0.0392
tile	1	ios18.relu	wrap_in0_0_relu	ANE	CPU,ANE	0.0220
tile	2	ios18.conv	wrap_in0_1_conv	ANE	CPU,ANE	0.0392
tile	3	ios18.relu	wrap_in0_1_relu	ANE	CPU,ANE	0.0220
tile	4	tile	tile_0	ANE	CPU,ANE	0.0752
tile	5	ios18.conv	wrap_out_0_conv	ANE	CPU,ANE	0.3134
tile	6	ios18.relu	wrap_out_0_relu	ANE	CPU,ANE	0.0879
tile	7	ios18.conv	wrap_out_1_conv	ANE	CPU,ANE	0.3134
tile	8	ios18.relu	wrap_out_1_relu	ANE	CPU,ANE	0.0879
topk_c	0	ios18.conv	wrap_in0_0_conv	CPU	CPU,ANE	0.4776
topk_c	1	ios18.relu	wrap_in0_0_relu	CPU	CPU,ANE	0.0125
topk_c	2	ios18.conv	wrap_in0_1_conv	CPU	CPU,ANE	0.4776
topk_c	3	ios18.relu	wrap_in0_1_relu	CPU	CPU,ANE	0.0125
topk_c	4	ios18.topk	topk_0_cast_uint16_0	CPU	CPU,ANE	0.0109
topk_c	5	ios18.conv	wrap_out_0_conv	CPU	CPU,ANE	0.0036
topk_c	6	ios18.relu	wrap_out_0_relu	CPU	CPU,ANE	0.0008
topk_c	7	ios18.conv	wrap_out_1_conv	CPU	CPU,ANE	0.0036
topk_c	8	ios18.relu	wrap_out_1_relu	CPU	CPU,ANE	0.0008
topk_large	0	ios18.topk	topk_0_0	CPU	CPU,ANE	1.0000
topk_w	0	ios18.conv	wrap_in0_0_conv	CPU	CPU,ANE	0.4286
topk_w	1	ios18.relu	wrap_in0_0_relu	CPU	CPU,ANE	0.0112
topk_w	2	ios18.conv	wrap_in0_1_conv	CPU	CPU,ANE	0.4286
topk_w	3	ios18.relu	wrap_in0_1_relu	CPU	CPU,ANE	0.0112
topk_w	4	ios18.topk	topk_0_cast_uint16_0	CPU	CPU,ANE	0.0104
topk_w	5	ios18.conv	wrap_out_0_conv	CPU	CPU,ANE	0.0536
topk_w	6	ios18.relu	wrap_out_0_relu	CPU	CPU,ANE	0.0014
topk_w	7	ios18.conv	wrap_out_1_conv	CPU	CPU,ANE	0.0536
topk_w	8	ios18.relu	wrap_out_1_relu	CPU	CPU,ANE	0.0014
transpose_cw	0	ios18.conv	wrap_in0_0_conv	ANE	CPU,ANE	0.1651
transpose_cw	1	ios18.relu	wrap_in0_0_relu	ANE	CPU,ANE	0.0926
transpose_cw	2	ios18.conv	wrap_in0_1_conv	ANE	CPU,ANE	0.1651
transpose_cw	3	ios18.relu	wrap_in0_1_relu	ANE	CPU,ANE	0.0926
transpose_cw	4	ios18.transpose	transpose_0	ANE	CPU,ANE	0.1344
transpose_cw	5	ios18.conv	wrap_out_0_conv	ANE	CPU,ANE	0.0825
transpose_cw	6	ios18.relu	wrap_out_0_relu	ANE	CPU,ANE	0.0926
transpose_cw	7	ios18.conv	wrap_out_1_conv	ANE	CPU,ANE	0.0825
transpose_cw	8	ios18.relu	wrap_out_1_relu	CPU	CPU,ANE	0.0926
transpose_hw	0	ios18.conv	wrap_in0_0_conv	ANE	CPU,ANE	0.1417
transpose_hw	1	ios18.relu	wrap_in0_0_relu	ANE	CPU,ANE	0.0795
transpose_hw	2	ios18.conv	wrap_in0_1_conv	ANE	CPU,ANE	0.1417
transpose_hw	3	ios18.relu	wrap_in0_1_relu	ANE	CPU,ANE	0.0795
transpose_hw	4	ios18.transpose	transpose_0	ANE	CPU,ANE	0.1154
transpose_hw	5	ios18.conv	wrap_out_0_conv	ANE	CPU,ANE	0.1417
transpose_hw	6	ios18.relu	wrap_out_0_relu	ANE	CPU,ANE	0.0795
transpose_hw	7	ios18.conv	wrap_out_1_conv	ANE	CPU,ANE	0.1417
transpose_hw	8	ios18.relu	wrap_out_1_relu	CPU	CPU,ANE	0.0795
transpose_nc	0	ios18.conv	wrap_in0_0_conv	ANE	CPU,ANE	0.1657
transpose_nc	1	ios18.relu	wrap_in0_0_relu	ANE	CPU,ANE	0.0929
transpose_nc	2	ios18.conv	wrap_in0_1_conv	ANE	CPU,ANE	0.1657
transpose_nc	3	ios18.relu	wrap_in0_1_relu	ANE	CPU,ANE	0.0929
transpose_nc	4	ios18.transpose	transpose_0	ANE	CPU,ANE	0.2033
transpose_nc	5	ios18.conv	wrap_out_0_conv	ANE	CPU,ANE	0.0467
transpose_nc	6	ios18.relu	wrap_out_0_relu	ANE	CPU,ANE	0.0929
transpose_nc	7	ios18.conv	wrap_out_1_conv	ANE	CPU,ANE	0.0467
transpose_nc	8	ios18.relu	wrap_out_1_relu	ANE	CPU,ANE	0.0929
transpose_r5	0	ios18.transpose	transpose_0	CPU	CPU,ANE	1.0000
upsample_bilinear	0	ios18.conv	wrap_in0_0_conv	ANE	CPU,ANE	0.0613
upsample_bilinear	1	ios18.relu	wrap_in0_0_relu	ANE	CPU,ANE	0.0344
upsample_bilinear	2	ios18.conv	wrap_in0_1_conv	ANE	CPU,ANE	0.0613
upsample_bilinear	3	ios18.relu	wrap_in0_1_relu	ANE	CPU,ANE	0.0344
upsample_bilinear	4	ios16.upsample_bilinear	upsample_bilinear_0	ANE	CPU,ANE	0.0433
upsample_bilinear	5	ios18.conv	wrap_out_0_conv	ANE	CPU,ANE	0.2452
upsample_bilinear	6	ios18.relu	wrap_out_0_relu	ANE	CPU,ANE	0.1375
upsample_bilinear	7	ios18.conv	wrap_out_1_conv	ANE	CPU,ANE	0.2452
upsample_bilinear	8	ios18.relu	wrap_out_1_relu	ANE	CPU,ANE	0.1375
upsample_bilinear_ac	0	ios18.conv	wrap_in0_0_conv	ANE	CPU,ANE	0.0613
upsample_bilinear_ac	1	ios18.relu	wrap_in0_0_relu	ANE	CPU,ANE	0.0344
upsample_bilinear_ac	2	ios18.conv	wrap_in0_1_conv	ANE	CPU,ANE	0.0613
upsample_bilinear_ac	3	ios18.relu	wrap_in0_1_relu	ANE	CPU,ANE	0.0344
upsample_bilinear_ac	4	ios16.upsample_bilinear	upsample_bilinear_0	ANE	CPU,ANE	0.0433
upsample_bilinear_ac	5	ios18.conv	wrap_out_0_conv	ANE	CPU,ANE	0.2452
upsample_bilinear_ac	6	ios18.relu	wrap_out_0_relu	ANE	CPU,ANE	0.1375
upsample_bilinear_ac	7	ios18.conv	wrap_out_1_conv	ANE	CPU,ANE	0.2452
upsample_bilinear_ac	8	ios18.relu	wrap_out_1_relu	ANE	CPU,ANE	0.1375
upsample_nearest	0	ios18.conv	wrap_in0_0_conv	ANE	CPU,ANE	0.0570
upsample_nearest	1	ios18.relu	wrap_in0_0_relu	ANE	CPU,ANE	0.0320
upsample_nearest	2	ios18.conv	wrap_in0_1_conv	ANE	CPU,ANE	0.0570
upsample_nearest	3	ios18.relu	wrap_in0_1_relu	ANE	CPU,ANE	0.0320
upsample_nearest	4	upsample_nearest_neighbor	upsample_nearest_neighbor_0	ANE	CPU,ANE	0.1096
upsample_nearest	5	ios18.conv	wrap_out_0_conv	ANE	CPU,ANE	0.2282
upsample_nearest	6	ios18.relu	wrap_out_0_relu	ANE	CPU,ANE	0.1280
upsample_nearest	7	ios18.conv	wrap_out_1_conv	ANE	CPU,ANE	0.2282
upsample_nearest	8	ios18.relu	wrap_out_1_relu	ANE	CPU,ANE	0.1280
upsample_nearest_frac	0	ios18.conv	wrap_in0_0_conv	ANE	CPU,ANE	0.0878
upsample_nearest_frac	1	ios18.relu	wrap_in0_0_relu	ANE	CPU,ANE	0.0492
upsample_nearest_frac	2	ios18.conv	wrap_in0_1_conv	ANE	CPU,ANE	0.0878
upsample_nearest_frac	3	ios18.relu	wrap_in0_1_relu	ANE	CPU,ANE	0.0492
upsample_nearest_frac	4	upsample_nearest_neighbor	upsample_nearest_neighbor_0	ANE	CPU,ANE	0.1096
upsample_nearest_frac	5	ios18.conv	wrap_out_0_conv	ANE	CPU,ANE	0.1975
upsample_nearest_frac	6	ios18.relu	wrap_out_0_relu	ANE	CPU,ANE	0.1108
upsample_nearest_frac	7	ios18.conv	wrap_out_1_conv	ANE	CPU,ANE	0.1975
upsample_nearest_frac	8	ios18.relu	wrap_out_1_relu	ANE	CPU,ANE	0.1108
upsample_nearest_x3	0	ios18.conv	wrap_in0_0_conv	ANE	CPU,ANE	0.0285
upsample_nearest_x3	1	ios18.relu	wrap_in0_0_relu	ANE	CPU,ANE	0.0160
upsample_nearest_x3	2	ios18.conv	wrap_in0_1_conv	ANE	CPU,ANE	0.0285
upsample_nearest_x3	3	ios18.relu	wrap_in0_1_relu	ANE	CPU,ANE	0.0160
upsample_nearest_x3	4	upsample_nearest_neighbor	upsample_nearest_neighbor_0	ANE	CPU,ANE	0.1096
upsample_nearest_x3	5	ios18.conv	wrap_out_0_conv	ANE	CPU,ANE	0.2567
upsample_nearest_x3	6	ios18.relu	wrap_out_0_relu	ANE	CPU,ANE	0.1440
upsample_nearest_x3	7	ios18.conv	wrap_out_1_conv	ANE	CPU,ANE	0.2567
upsample_nearest_x3	8	ios18.relu	wrap_out_1_relu	ANE	CPU,ANE	0.1440
